-- Hızlı 100 Kullanıcı, Profil, Analiz ve Gönderi Üretici
BEGIN;

-- Önceki test kullanıcılarını temizle (Çakışma olmaması için)
DELETE FROM public.community_posts WHERE user_id IN (SELECT id FROM auth.users WHERE email LIKE 'testuser%@mirr.app');
DELETE FROM public.analyses WHERE user_id IN (SELECT id FROM auth.users WHERE email LIKE 'testuser%@mirr.app');
DELETE FROM public.profiles WHERE id IN (SELECT id FROM auth.users WHERE email LIKE 'testuser%@mirr.app');
DELETE FROM auth.users WHERE email LIKE 'testuser%@mirr.app';

INSERT INTO auth.users (id, instance_id, aud, role, email, encrypted_password, email_confirmed_at, raw_user_meta_data, created_at, updated_at) VALUES ('aa2c9b77-01b5-455d-9513-0da54ad1247a', '00000000-0000-0000-0000-000000000000', 'authenticated', 'authenticated', 'testuser1@mirr.app', '$2a$10$abcdefghijklmnopqrstuv', now(), '{"full_name": "Seda Özdemir"}', now(), now());
INSERT INTO public.profiles (id, full_name, username, avatar_url, style_dna, city, country, is_public) VALUES ('aa2c9b77-01b5-455d-9513-0da54ad1247a', 'Seda Özdemir', 'seda_ozdemir', 'https://i.pravatar.cc/150?u=1', '{"vibe": "Techwear"}'::jsonb, 'Bursa', 'Turkey', true);
INSERT INTO public.analyses (id, user_id, image_url, type, aura_score, vibe, reasoning, strengths, improvements) VALUES ('4827538c-602c-40cb-948d-eb4e8e3b193a', 'aa2c9b77-01b5-455d-9513-0da54ad1247a', 'https://images.unsplash.com/photo-1529139574466-a30ab73d321d?auto=format&fit=crop&w=800&h=1200&q=80', 'OUTFIT', 93, 'Techwear', 'Rahatlık ve şıklık mükemmel dengelenmiş.', '["Uyumlu Renkler"]'::jsonb, '["Belki farklı bir kemer"]'::jsonb);
INSERT INTO public.community_posts (id, user_id, analysis_id, category, total_score, vote_count) VALUES ('2b5b7770-79a1-4dcd-b07e-5695a87876c1', 'aa2c9b77-01b5-455d-9513-0da54ad1247a', '4827538c-602c-40cb-948d-eb4e8e3b193a', 'casual', 42, 6);

INSERT INTO auth.users (id, instance_id, aud, role, email, encrypted_password, email_confirmed_at, raw_user_meta_data, created_at, updated_at) VALUES ('9c14b93c-c8ef-4ddf-8bce-a9ce5453c818', '00000000-0000-0000-0000-000000000000', 'authenticated', 'authenticated', 'testuser2@mirr.app', '$2a$10$abcdefghijklmnopqrstuv', now(), '{"full_name": "Emre Yıldız"}', now(), now());
INSERT INTO public.profiles (id, full_name, username, avatar_url, style_dna, city, country, is_public) VALUES ('9c14b93c-c8ef-4ddf-8bce-a9ce5453c818', 'Emre Yıldız', 'emre_yildiz', 'https://i.pravatar.cc/150?u=2', '{"vibe": "Old Money"}'::jsonb, 'Istanbul', 'Turkey', true);
INSERT INTO public.analyses (id, user_id, image_url, type, aura_score, vibe, reasoning, strengths, improvements) VALUES ('effad8eb-4ac3-4281-833b-8751c1ae2d41', '9c14b93c-c8ef-4ddf-8bce-a9ce5453c818', 'https://images.unsplash.com/photo-1488161628813-0aa45bd72765?auto=format&fit=crop&w=800&h=1200&q=80', 'OUTFIT', 87, 'Old Money', 'Aksesuarlar kombini bir üst seviyeye taşımış.', '["Uyumlu Renkler"]'::jsonb, '["Belki farklı bir kemer"]'::jsonb);
INSERT INTO public.community_posts (id, user_id, analysis_id, category, total_score, vote_count) VALUES ('e69fa9e8-3bbb-4af7-a0a3-9be238d7dcb4', '9c14b93c-c8ef-4ddf-8bce-a9ce5453c818', 'effad8eb-4ac3-4281-833b-8751c1ae2d41', 'casual', 99, 11);

INSERT INTO auth.users (id, instance_id, aud, role, email, encrypted_password, email_confirmed_at, raw_user_meta_data, created_at, updated_at) VALUES ('ada6da4c-d2f0-4814-b7f4-afaca73fc08e', '00000000-0000-0000-0000-000000000000', 'authenticated', 'authenticated', 'testuser3@mirr.app', '$2a$10$abcdefghijklmnopqrstuv', now(), '{"full_name": "Ozan Çelik"}', now(), now());
INSERT INTO public.profiles (id, full_name, username, avatar_url, style_dna, city, country, is_public) VALUES ('ada6da4c-d2f0-4814-b7f4-afaca73fc08e', 'Ozan Çelik', 'ozan_celik', 'https://i.pravatar.cc/150?u=3', '{"vibe": "Streetwear"}'::jsonb, 'Izmir', 'Turkey', true);
INSERT INTO public.analyses (id, user_id, image_url, type, aura_score, vibe, reasoning, strengths, improvements) VALUES ('8e91c9e2-2f46-4a27-9ac0-52acabd812aa', 'ada6da4c-d2f0-4814-b7f4-afaca73fc08e', 'https://images.unsplash.com/photo-1503341504253-dff4815485f1?auto=format&fit=crop&w=800&h=1200&q=80', 'OUTFIT', 81, 'Streetwear', 'Baştan aşağı özgüven yansıtıyor.', '["Uyumlu Renkler"]'::jsonb, '["Belki farklı bir kemer"]'::jsonb);
INSERT INTO public.community_posts (id, user_id, analysis_id, category, total_score, vote_count) VALUES ('16243f88-7442-4576-b239-e83b1ecfda1d', 'ada6da4c-d2f0-4814-b7f4-afaca73fc08e', '8e91c9e2-2f46-4a27-9ac0-52acabd812aa', 'streetwear', 108, 12);

INSERT INTO auth.users (id, instance_id, aud, role, email, encrypted_password, email_confirmed_at, raw_user_meta_data, created_at, updated_at) VALUES ('09b1ab64-865e-4aef-9b0d-ec210c7ff8a4', '00000000-0000-0000-0000-000000000000', 'authenticated', 'authenticated', 'testuser4@mirr.app', '$2a$10$abcdefghijklmnopqrstuv', now(), '{"full_name": "Zeynep Öztürk"}', now(), now());
INSERT INTO public.profiles (id, full_name, username, avatar_url, style_dna, city, country, is_public) VALUES ('09b1ab64-865e-4aef-9b0d-ec210c7ff8a4', 'Zeynep Öztürk', 'zeynep_ozturk', 'https://i.pravatar.cc/150?u=4', '{"vibe": "Streetwear"}'::jsonb, 'Istanbul', 'Turkey', true);
INSERT INTO public.analyses (id, user_id, image_url, type, aura_score, vibe, reasoning, strengths, improvements) VALUES ('9aac27b1-d1e1-44b9-9cde-ca4529c8bf41', '09b1ab64-865e-4aef-9b0d-ec210c7ff8a4', 'https://images.unsplash.com/photo-1483985988355-763728e1935b?auto=format&fit=crop&w=800&h=1200&q=80', 'OUTFIT', 70, 'Streetwear', 'Baştan aşağı özgüven yansıtıyor.', '["Uyumlu Renkler"]'::jsonb, '["Belki farklı bir kemer"]'::jsonb);
INSERT INTO public.community_posts (id, user_id, analysis_id, category, total_score, vote_count) VALUES ('9e863009-b15e-443c-8ac6-53b63c82691b', '09b1ab64-865e-4aef-9b0d-ec210c7ff8a4', '9aac27b1-d1e1-44b9-9cde-ca4529c8bf41', 'date_night', 49, 7);

INSERT INTO auth.users (id, instance_id, aud, role, email, encrypted_password, email_confirmed_at, raw_user_meta_data, created_at, updated_at) VALUES ('bfb481e9-8f7d-49c8-9197-1cfe1441edd6', '00000000-0000-0000-0000-000000000000', 'authenticated', 'authenticated', 'testuser5@mirr.app', '$2a$10$abcdefghijklmnopqrstuv', now(), '{"full_name": "Ece Kaya"}', now(), now());
INSERT INTO public.profiles (id, full_name, username, avatar_url, style_dna, city, country, is_public) VALUES ('bfb481e9-8f7d-49c8-9197-1cfe1441edd6', 'Ece Kaya', 'ece_kaya', 'https://i.pravatar.cc/150?u=5', '{"vibe": "Oturaklı"}'::jsonb, 'Istanbul', 'Turkey', true);
INSERT INTO public.analyses (id, user_id, image_url, type, aura_score, vibe, reasoning, strengths, improvements) VALUES ('04d261a0-5915-4fec-9f22-2c24b8efabc6', 'bfb481e9-8f7d-49c8-9197-1cfe1441edd6', 'https://images.unsplash.com/photo-1512436991641-70c1bcaa1977?auto=format&fit=crop&w=800&h=1200&q=80', 'OUTFIT', 96, 'Oturaklı', 'Renklerin uyumu muazzam, tam bir klasik.', '["Uyumlu Renkler"]'::jsonb, '["Belki farklı bir kemer"]'::jsonb);
INSERT INTO public.community_posts (id, user_id, analysis_id, category, total_score, vote_count) VALUES ('f6385856-e6cd-4be9-b4aa-460b5007b2f1', 'bfb481e9-8f7d-49c8-9197-1cfe1441edd6', '04d261a0-5915-4fec-9f22-2c24b8efabc6', 'date_night', 70, 10);

INSERT INTO auth.users (id, instance_id, aud, role, email, encrypted_password, email_confirmed_at, raw_user_meta_data, created_at, updated_at) VALUES ('01379c99-0f33-4e0e-a9a1-0dc2397f7884', '00000000-0000-0000-0000-000000000000', 'authenticated', 'authenticated', 'testuser6@mirr.app', '$2a$10$abcdefghijklmnopqrstuv', now(), '{"full_name": "Emre Şahin"}', now(), now());
INSERT INTO public.profiles (id, full_name, username, avatar_url, style_dna, city, country, is_public) VALUES ('01379c99-0f33-4e0e-a9a1-0dc2397f7884', 'Emre Şahin', 'emre_sahin', 'https://i.pravatar.cc/150?u=6', '{"vibe": "Avant-Garde"}'::jsonb, 'Antalya', 'Turkey', true);
INSERT INTO public.analyses (id, user_id, image_url, type, aura_score, vibe, reasoning, strengths, improvements) VALUES ('d8f4bdea-9bf7-4fa2-b972-41399aa0f034', '01379c99-0f33-4e0e-a9a1-0dc2397f7884', 'https://images.unsplash.com/photo-1503342217505-b0a15ec3261c?auto=format&fit=crop&w=800&h=1200&q=80', 'OUTFIT', 92, 'Avant-Garde', 'Renklerin uyumu muazzam, tam bir klasik.', '["Uyumlu Renkler"]'::jsonb, '["Belki farklı bir kemer"]'::jsonb);
INSERT INTO public.community_posts (id, user_id, analysis_id, category, total_score, vote_count) VALUES ('5f759d73-8cc5-46a2-a454-191038101340', '01379c99-0f33-4e0e-a9a1-0dc2397f7884', 'd8f4bdea-9bf7-4fa2-b972-41399aa0f034', 'formal', 105, 15);

INSERT INTO auth.users (id, instance_id, aud, role, email, encrypted_password, email_confirmed_at, raw_user_meta_data, created_at, updated_at) VALUES ('aaea99b2-22b7-49ce-9774-980de777788b', '00000000-0000-0000-0000-000000000000', 'authenticated', 'authenticated', 'testuser7@mirr.app', '$2a$10$abcdefghijklmnopqrstuv', now(), '{"full_name": "Ece Demir"}', now(), now());
INSERT INTO public.profiles (id, full_name, username, avatar_url, style_dna, city, country, is_public) VALUES ('aaea99b2-22b7-49ce-9774-980de777788b', 'Ece Demir', 'ece_demir', 'https://i.pravatar.cc/150?u=7', '{"vibe": "Old Money"}'::jsonb, 'Bursa', 'Turkey', true);
INSERT INTO public.analyses (id, user_id, image_url, type, aura_score, vibe, reasoning, strengths, improvements) VALUES ('6a64b911-bdc2-4f3e-aad6-ece50e6b73e5', 'aaea99b2-22b7-49ce-9774-980de777788b', 'https://images.unsplash.com/photo-1483985988355-763728e1935b?auto=format&fit=crop&w=800&h=1200&q=80', 'OUTFIT', 82, 'Old Money', 'Rahatlık ve şıklık mükemmel dengelenmiş.', '["Uyumlu Renkler"]'::jsonb, '["Belki farklı bir kemer"]'::jsonb);
INSERT INTO public.community_posts (id, user_id, analysis_id, category, total_score, vote_count) VALUES ('f7c0292e-32dc-44ec-8544-552a42f11935', 'aaea99b2-22b7-49ce-9774-980de777788b', '6a64b911-bdc2-4f3e-aad6-ece50e6b73e5', 'date_night', 36, 6);

INSERT INTO auth.users (id, instance_id, aud, role, email, encrypted_password, email_confirmed_at, raw_user_meta_data, created_at, updated_at) VALUES ('e622f3ef-1536-4caa-b169-a4374d0bd2d0', '00000000-0000-0000-0000-000000000000', 'authenticated', 'authenticated', 'testuser8@mirr.app', '$2a$10$abcdefghijklmnopqrstuv', now(), '{"full_name": "Melis Kaya"}', now(), now());
INSERT INTO public.profiles (id, full_name, username, avatar_url, style_dna, city, country, is_public) VALUES ('e622f3ef-1536-4caa-b169-a4374d0bd2d0', 'Melis Kaya', 'melis_kaya', 'https://i.pravatar.cc/150?u=8', '{"vibe": "Classic"}'::jsonb, 'Bursa', 'Turkey', true);
INSERT INTO public.analyses (id, user_id, image_url, type, aura_score, vibe, reasoning, strengths, improvements) VALUES ('80b1c868-cbac-487a-a857-d9c5c800cae2', 'e622f3ef-1536-4caa-b169-a4374d0bd2d0', 'https://images.unsplash.com/photo-1512436991641-70c1bcaa1977?auto=format&fit=crop&w=800&h=1200&q=80', 'OUTFIT', 72, 'Classic', 'Rahatlık ve şıklık mükemmel dengelenmiş.', '["Uyumlu Renkler"]'::jsonb, '["Belki farklı bir kemer"]'::jsonb);
INSERT INTO public.community_posts (id, user_id, analysis_id, category, total_score, vote_count) VALUES ('b2e66f7f-f8d0-4dca-81a2-6e3d9793af19', 'e622f3ef-1536-4caa-b169-a4374d0bd2d0', '80b1c868-cbac-487a-a857-d9c5c800cae2', 'streetwear', 90, 15);

INSERT INTO auth.users (id, instance_id, aud, role, email, encrypted_password, email_confirmed_at, raw_user_meta_data, created_at, updated_at) VALUES ('6640cdc9-c474-4d10-a1fe-e906ed0f1e9e', '00000000-0000-0000-0000-000000000000', 'authenticated', 'authenticated', 'testuser9@mirr.app', '$2a$10$abcdefghijklmnopqrstuv', now(), '{"full_name": "Fatma Aydın"}', now(), now());
INSERT INTO public.profiles (id, full_name, username, avatar_url, style_dna, city, country, is_public) VALUES ('6640cdc9-c474-4d10-a1fe-e906ed0f1e9e', 'Fatma Aydın', 'fatma_aydin', 'https://i.pravatar.cc/150?u=9', '{"vibe": "Y2K"}'::jsonb, 'Izmir', 'Turkey', true);
INSERT INTO public.analyses (id, user_id, image_url, type, aura_score, vibe, reasoning, strengths, improvements) VALUES ('14b33797-38fe-4a36-a5e5-f5d28b2f5cd7', '6640cdc9-c474-4d10-a1fe-e906ed0f1e9e', 'https://images.unsplash.com/photo-1512436991641-70c1bcaa1977?auto=format&fit=crop&w=800&h=1200&q=80', 'OUTFIT', 75, 'Y2K', 'Rahatlık ve şıklık mükemmel dengelenmiş.', '["Uyumlu Renkler"]'::jsonb, '["Belki farklı bir kemer"]'::jsonb);
INSERT INTO public.community_posts (id, user_id, analysis_id, category, total_score, vote_count) VALUES ('e580a906-9141-4264-a79c-800c26002ddd', '6640cdc9-c474-4d10-a1fe-e906ed0f1e9e', '14b33797-38fe-4a36-a5e5-f5d28b2f5cd7', 'casual', 30, 5);

INSERT INTO auth.users (id, instance_id, aud, role, email, encrypted_password, email_confirmed_at, raw_user_meta_data, created_at, updated_at) VALUES ('263418f6-9fca-43e7-888b-9c60c185c708', '00000000-0000-0000-0000-000000000000', 'authenticated', 'authenticated', 'testuser10@mirr.app', '$2a$10$abcdefghijklmnopqrstuv', now(), '{"full_name": "Seda Çelik"}', now(), now());
INSERT INTO public.profiles (id, full_name, username, avatar_url, style_dna, city, country, is_public) VALUES ('263418f6-9fca-43e7-888b-9c60c185c708', 'Seda Çelik', 'seda_celik', 'https://i.pravatar.cc/150?u=10', '{"vibe": "Classic"}'::jsonb, 'Bursa', 'Turkey', true);
INSERT INTO public.analyses (id, user_id, image_url, type, aura_score, vibe, reasoning, strengths, improvements) VALUES ('a7564e9f-8c8f-407a-8671-d148019a5b83', '263418f6-9fca-43e7-888b-9c60c185c708', 'https://images.unsplash.com/photo-1515886657613-9f3515b0c78f?auto=format&fit=crop&w=800&h=1200&q=80', 'OUTFIT', 76, 'Classic', 'Katmanlı giyim harika olmuş, modern bir hava katıyor.', '["Uyumlu Renkler"]'::jsonb, '["Belki farklı bir kemer"]'::jsonb);
INSERT INTO public.community_posts (id, user_id, analysis_id, category, total_score, vote_count) VALUES ('c98b3c3b-997f-4d65-93a4-538237232ba2', '263418f6-9fca-43e7-888b-9c60c185c708', 'a7564e9f-8c8f-407a-8671-d148019a5b83', 'streetwear', 72, 12);

INSERT INTO auth.users (id, instance_id, aud, role, email, encrypted_password, email_confirmed_at, raw_user_meta_data, created_at, updated_at) VALUES ('441c1c07-5d3d-4bb0-9bb4-3e851a74ba27', '00000000-0000-0000-0000-000000000000', 'authenticated', 'authenticated', 'testuser11@mirr.app', '$2a$10$abcdefghijklmnopqrstuv', now(), '{"full_name": "Emre Yıldız"}', now(), now());
INSERT INTO public.profiles (id, full_name, username, avatar_url, style_dna, city, country, is_public) VALUES ('441c1c07-5d3d-4bb0-9bb4-3e851a74ba27', 'Emre Yıldız', 'emre_yildiz2', 'https://i.pravatar.cc/150?u=11', '{"vibe": "Streetwear"}'::jsonb, 'Ankara', 'Turkey', true);
INSERT INTO public.analyses (id, user_id, image_url, type, aura_score, vibe, reasoning, strengths, improvements) VALUES ('2cb4b4fa-ae05-4c05-bd7d-316045fbb1ff', '441c1c07-5d3d-4bb0-9bb4-3e851a74ba27', 'https://images.unsplash.com/photo-1534528741775-53994a69daeb?auto=format&fit=crop&w=800&h=1200&q=80', 'OUTFIT', 75, 'Streetwear', 'Renklerin uyumu muazzam, tam bir klasik.', '["Uyumlu Renkler"]'::jsonb, '["Belki farklı bir kemer"]'::jsonb);
INSERT INTO public.community_posts (id, user_id, analysis_id, category, total_score, vote_count) VALUES ('2948861c-07a7-4ac0-89f3-80ec540a8e58', '441c1c07-5d3d-4bb0-9bb4-3e851a74ba27', '2cb4b4fa-ae05-4c05-bd7d-316045fbb1ff', 'streetwear', 42, 7);

INSERT INTO auth.users (id, instance_id, aud, role, email, encrypted_password, email_confirmed_at, raw_user_meta_data, created_at, updated_at) VALUES ('43690b6d-0d9d-4014-a0d2-b1ce310c9e54', '00000000-0000-0000-0000-000000000000', 'authenticated', 'authenticated', 'testuser12@mirr.app', '$2a$10$abcdefghijklmnopqrstuv', now(), '{"full_name": "Büşra Arslan"}', now(), now());
INSERT INTO public.profiles (id, full_name, username, avatar_url, style_dna, city, country, is_public) VALUES ('43690b6d-0d9d-4014-a0d2-b1ce310c9e54', 'Büşra Arslan', 'busra_arslan', 'https://i.pravatar.cc/150?u=12', '{"vibe": "Techwear"}'::jsonb, 'Izmir', 'Turkey', true);
INSERT INTO public.analyses (id, user_id, image_url, type, aura_score, vibe, reasoning, strengths, improvements) VALUES ('4209e4ae-105d-445e-b238-bebe670cc46a', '43690b6d-0d9d-4014-a0d2-b1ce310c9e54', 'https://images.unsplash.com/photo-1492633423870-43d1cd2a4b07?auto=format&fit=crop&w=800&h=1200&q=80', 'OUTFIT', 96, 'Techwear', 'Katmanlı giyim harika olmuş, modern bir hava katıyor.', '["Uyumlu Renkler"]'::jsonb, '["Belki farklı bir kemer"]'::jsonb);
INSERT INTO public.community_posts (id, user_id, analysis_id, category, total_score, vote_count) VALUES ('cf054ee1-3a64-48a6-945b-8f75e8f966d9', '43690b6d-0d9d-4014-a0d2-b1ce310c9e54', '4209e4ae-105d-445e-b238-bebe670cc46a', 'formal', 56, 7);

INSERT INTO auth.users (id, instance_id, aud, role, email, encrypted_password, email_confirmed_at, raw_user_meta_data, created_at, updated_at) VALUES ('b9a794ec-caf9-4f6f-a1f0-8e109661cb7d', '00000000-0000-0000-0000-000000000000', 'authenticated', 'authenticated', 'testuser13@mirr.app', '$2a$10$abcdefghijklmnopqrstuv', now(), '{"full_name": "Ozan Özdemir"}', now(), now());
INSERT INTO public.profiles (id, full_name, username, avatar_url, style_dna, city, country, is_public) VALUES ('b9a794ec-caf9-4f6f-a1f0-8e109661cb7d', 'Ozan Özdemir', 'ozan_ozdemir', 'https://i.pravatar.cc/150?u=13', '{"vibe": "Classic"}'::jsonb, 'Istanbul', 'Turkey', true);
INSERT INTO public.analyses (id, user_id, image_url, type, aura_score, vibe, reasoning, strengths, improvements) VALUES ('a72523b5-cb79-456b-8e1b-86137d7db842', 'b9a794ec-caf9-4f6f-a1f0-8e109661cb7d', 'https://images.unsplash.com/photo-1503342217505-b0a15ec3261c?auto=format&fit=crop&w=800&h=1200&q=80', 'OUTFIT', 97, 'Classic', 'Baştan aşağı özgüven yansıtıyor.', '["Uyumlu Renkler"]'::jsonb, '["Belki farklı bir kemer"]'::jsonb);
INSERT INTO public.community_posts (id, user_id, analysis_id, category, total_score, vote_count) VALUES ('c551c2f2-1a66-4110-a5b6-4e83de2fcb8a', 'b9a794ec-caf9-4f6f-a1f0-8e109661cb7d', 'a72523b5-cb79-456b-8e1b-86137d7db842', 'casual', 36, 6);

INSERT INTO auth.users (id, instance_id, aud, role, email, encrypted_password, email_confirmed_at, raw_user_meta_data, created_at, updated_at) VALUES ('2093f6d9-dd95-49f2-b0d2-bf69387754b0', '00000000-0000-0000-0000-000000000000', 'authenticated', 'authenticated', 'testuser14@mirr.app', '$2a$10$abcdefghijklmnopqrstuv', now(), '{"full_name": "Ayşe Yıldız"}', now(), now());
INSERT INTO public.profiles (id, full_name, username, avatar_url, style_dna, city, country, is_public) VALUES ('2093f6d9-dd95-49f2-b0d2-bf69387754b0', 'Ayşe Yıldız', 'ayse_yildiz', 'https://i.pravatar.cc/150?u=14', '{"vibe": "Streetwear"}'::jsonb, 'Istanbul', 'Turkey', true);
INSERT INTO public.analyses (id, user_id, image_url, type, aura_score, vibe, reasoning, strengths, improvements) VALUES ('04239c89-b7be-4158-8ba3-88adcef1c7d7', '2093f6d9-dd95-49f2-b0d2-bf69387754b0', 'https://images.unsplash.com/photo-1492633423870-43d1cd2a4b07?auto=format&fit=crop&w=800&h=1200&q=80', 'OUTFIT', 71, 'Streetwear', 'Baştan aşağı özgüven yansıtıyor.', '["Uyumlu Renkler"]'::jsonb, '["Belki farklı bir kemer"]'::jsonb);
INSERT INTO public.community_posts (id, user_id, analysis_id, category, total_score, vote_count) VALUES ('41e77cb9-a61f-49fe-b0fe-fc65be0b5b49', '2093f6d9-dd95-49f2-b0d2-bf69387754b0', '04239c89-b7be-4158-8ba3-88adcef1c7d7', 'formal', 6, 1);

INSERT INTO auth.users (id, instance_id, aud, role, email, encrypted_password, email_confirmed_at, raw_user_meta_data, created_at, updated_at) VALUES ('0d828c0c-c7ff-43ac-9241-62785aa4d543', '00000000-0000-0000-0000-000000000000', 'authenticated', 'authenticated', 'testuser15@mirr.app', '$2a$10$abcdefghijklmnopqrstuv', now(), '{"full_name": "Deniz Öztürk"}', now(), now());
INSERT INTO public.profiles (id, full_name, username, avatar_url, style_dna, city, country, is_public) VALUES ('0d828c0c-c7ff-43ac-9241-62785aa4d543', 'Deniz Öztürk', 'deniz_ozturk', 'https://i.pravatar.cc/150?u=15', '{"vibe": "Avant-Garde"}'::jsonb, 'Izmir', 'Turkey', true);
INSERT INTO public.analyses (id, user_id, image_url, type, aura_score, vibe, reasoning, strengths, improvements) VALUES ('c84f8909-9bc3-472a-8358-d41d038ebea6', '0d828c0c-c7ff-43ac-9241-62785aa4d543', 'https://images.unsplash.com/photo-1503342217505-b0a15ec3261c?auto=format&fit=crop&w=800&h=1200&q=80', 'OUTFIT', 93, 'Avant-Garde', 'Katmanlı giyim harika olmuş, modern bir hava katıyor.', '["Uyumlu Renkler"]'::jsonb, '["Belki farklı bir kemer"]'::jsonb);
INSERT INTO public.community_posts (id, user_id, analysis_id, category, total_score, vote_count) VALUES ('7d11b063-5907-4270-9c5b-074ef6caa14b', '0d828c0c-c7ff-43ac-9241-62785aa4d543', 'c84f8909-9bc3-472a-8358-d41d038ebea6', 'date_night', 108, 12);

INSERT INTO auth.users (id, instance_id, aud, role, email, encrypted_password, email_confirmed_at, raw_user_meta_data, created_at, updated_at) VALUES ('83fb19a3-3916-460c-9f2f-f9f6cf7eefe7', '00000000-0000-0000-0000-000000000000', 'authenticated', 'authenticated', 'testuser16@mirr.app', '$2a$10$abcdefghijklmnopqrstuv', now(), '{"full_name": "Merve Yılmaz"}', now(), now());
INSERT INTO public.profiles (id, full_name, username, avatar_url, style_dna, city, country, is_public) VALUES ('83fb19a3-3916-460c-9f2f-f9f6cf7eefe7', 'Merve Yılmaz', 'merve_yilmaz', 'https://i.pravatar.cc/150?u=16', '{"vibe": "Minimalist"}'::jsonb, 'Izmir', 'Turkey', true);
INSERT INTO public.analyses (id, user_id, image_url, type, aura_score, vibe, reasoning, strengths, improvements) VALUES ('f962873d-b93a-4280-8d62-d6c327a6d072', '83fb19a3-3916-460c-9f2f-f9f6cf7eefe7', 'https://images.unsplash.com/photo-1529139574466-a30ab73d321d?auto=format&fit=crop&w=800&h=1200&q=80', 'OUTFIT', 79, 'Minimalist', 'Renklerin uyumu muazzam, tam bir klasik.', '["Uyumlu Renkler"]'::jsonb, '["Belki farklı bir kemer"]'::jsonb);
INSERT INTO public.community_posts (id, user_id, analysis_id, category, total_score, vote_count) VALUES ('e5697463-32ff-4140-886b-7faf7e3c29eb', '83fb19a3-3916-460c-9f2f-f9f6cf7eefe7', 'f962873d-b93a-4280-8d62-d6c327a6d072', 'streetwear', 91, 13);

INSERT INTO auth.users (id, instance_id, aud, role, email, encrypted_password, email_confirmed_at, raw_user_meta_data, created_at, updated_at) VALUES ('b5f19321-b91e-4a0e-9356-06fe44ab8db3', '00000000-0000-0000-0000-000000000000', 'authenticated', 'authenticated', 'testuser17@mirr.app', '$2a$10$abcdefghijklmnopqrstuv', now(), '{"full_name": "Ayşe Şahin"}', now(), now());
INSERT INTO public.profiles (id, full_name, username, avatar_url, style_dna, city, country, is_public) VALUES ('b5f19321-b91e-4a0e-9356-06fe44ab8db3', 'Ayşe Şahin', 'ayse_sahin', 'https://i.pravatar.cc/150?u=17', '{"vibe": "Oturaklı"}'::jsonb, 'Bursa', 'Turkey', true);
INSERT INTO public.analyses (id, user_id, image_url, type, aura_score, vibe, reasoning, strengths, improvements) VALUES ('d78923c2-a034-4e5c-bff5-4eda2451a10f', 'b5f19321-b91e-4a0e-9356-06fe44ab8db3', 'https://images.unsplash.com/photo-1529139574466-a30ab73d321d?auto=format&fit=crop&w=800&h=1200&q=80', 'OUTFIT', 81, 'Oturaklı', 'Renklerin uyumu muazzam, tam bir klasik.', '["Uyumlu Renkler"]'::jsonb, '["Belki farklı bir kemer"]'::jsonb);
INSERT INTO public.community_posts (id, user_id, analysis_id, category, total_score, vote_count) VALUES ('b5f701e0-52f7-4236-945c-93cd2c7f7e05', 'b5f19321-b91e-4a0e-9356-06fe44ab8db3', 'd78923c2-a034-4e5c-bff5-4eda2451a10f', 'casual', 90, 10);

INSERT INTO auth.users (id, instance_id, aud, role, email, encrypted_password, email_confirmed_at, raw_user_meta_data, created_at, updated_at) VALUES ('db1998a4-9821-41b7-8ac2-eb9a96a6f65d', '00000000-0000-0000-0000-000000000000', 'authenticated', 'authenticated', 'testuser18@mirr.app', '$2a$10$abcdefghijklmnopqrstuv', now(), '{"full_name": "Melis Yılmaz"}', now(), now());
INSERT INTO public.profiles (id, full_name, username, avatar_url, style_dna, city, country, is_public) VALUES ('db1998a4-9821-41b7-8ac2-eb9a96a6f65d', 'Melis Yılmaz', 'melis_yilmaz', 'https://i.pravatar.cc/150?u=18', '{"vibe": "Oturaklı"}'::jsonb, 'Bursa', 'Turkey', true);
INSERT INTO public.analyses (id, user_id, image_url, type, aura_score, vibe, reasoning, strengths, improvements) VALUES ('d6010736-e101-40ff-aa1e-0d680f547bd9', 'db1998a4-9821-41b7-8ac2-eb9a96a6f65d', 'https://images.unsplash.com/photo-1515886657613-9f3515b0c78f?auto=format&fit=crop&w=800&h=1200&q=80', 'OUTFIT', 89, 'Oturaklı', 'Baştan aşağı özgüven yansıtıyor.', '["Uyumlu Renkler"]'::jsonb, '["Belki farklı bir kemer"]'::jsonb);
INSERT INTO public.community_posts (id, user_id, analysis_id, category, total_score, vote_count) VALUES ('142abddc-46e2-4350-9418-f864c9c99593', 'db1998a4-9821-41b7-8ac2-eb9a96a6f65d', 'd6010736-e101-40ff-aa1e-0d680f547bd9', 'date_night', 72, 9);

INSERT INTO auth.users (id, instance_id, aud, role, email, encrypted_password, email_confirmed_at, raw_user_meta_data, created_at, updated_at) VALUES ('5e274256-3a43-42ea-a9ee-8aa89407346d', '00000000-0000-0000-0000-000000000000', 'authenticated', 'authenticated', 'testuser19@mirr.app', '$2a$10$abcdefghijklmnopqrstuv', now(), '{"full_name": "Mert Aydın"}', now(), now());
INSERT INTO public.profiles (id, full_name, username, avatar_url, style_dna, city, country, is_public) VALUES ('5e274256-3a43-42ea-a9ee-8aa89407346d', 'Mert Aydın', 'mert_aydin', 'https://i.pravatar.cc/150?u=19', '{"vibe": "Avant-Garde"}'::jsonb, 'Bursa', 'Turkey', true);
INSERT INTO public.analyses (id, user_id, image_url, type, aura_score, vibe, reasoning, strengths, improvements) VALUES ('2f1d5d22-b2fd-4282-853f-f796be1cfff9', '5e274256-3a43-42ea-a9ee-8aa89407346d', 'https://images.unsplash.com/photo-1492562080023-ab3db95bfbce?auto=format&fit=crop&w=800&h=1200&q=80', 'OUTFIT', 85, 'Avant-Garde', 'Baştan aşağı özgüven yansıtıyor.', '["Uyumlu Renkler"]'::jsonb, '["Belki farklı bir kemer"]'::jsonb);
INSERT INTO public.community_posts (id, user_id, analysis_id, category, total_score, vote_count) VALUES ('85eb6c01-e278-4a96-8ad2-63f7b327deec', '5e274256-3a43-42ea-a9ee-8aa89407346d', '2f1d5d22-b2fd-4282-853f-f796be1cfff9', 'formal', 48, 6);

INSERT INTO auth.users (id, instance_id, aud, role, email, encrypted_password, email_confirmed_at, raw_user_meta_data, created_at, updated_at) VALUES ('6d7f1239-9cd1-42fc-822e-057ebb6c4a30', '00000000-0000-0000-0000-000000000000', 'authenticated', 'authenticated', 'testuser20@mirr.app', '$2a$10$abcdefghijklmnopqrstuv', now(), '{"full_name": "Ozan Şahin"}', now(), now());
INSERT INTO public.profiles (id, full_name, username, avatar_url, style_dna, city, country, is_public) VALUES ('6d7f1239-9cd1-42fc-822e-057ebb6c4a30', 'Ozan Şahin', 'ozan_sahin', 'https://i.pravatar.cc/150?u=20', '{"vibe": "Minimalist"}'::jsonb, 'Istanbul', 'Turkey', true);
INSERT INTO public.analyses (id, user_id, image_url, type, aura_score, vibe, reasoning, strengths, improvements) VALUES ('5fa91ea4-cf9d-4fdd-87a9-c956355d0078', '6d7f1239-9cd1-42fc-822e-057ebb6c4a30', 'https://images.unsplash.com/photo-1492562080023-ab3db95bfbce?auto=format&fit=crop&w=800&h=1200&q=80', 'OUTFIT', 72, 'Minimalist', 'Baştan aşağı özgüven yansıtıyor.', '["Uyumlu Renkler"]'::jsonb, '["Belki farklı bir kemer"]'::jsonb);
INSERT INTO public.community_posts (id, user_id, analysis_id, category, total_score, vote_count) VALUES ('5de47d7e-9c55-4bde-a081-80ba8bb2ac6e', '6d7f1239-9cd1-42fc-822e-057ebb6c4a30', '5fa91ea4-cf9d-4fdd-87a9-c956355d0078', 'casual', 35, 5);

INSERT INTO auth.users (id, instance_id, aud, role, email, encrypted_password, email_confirmed_at, raw_user_meta_data, created_at, updated_at) VALUES ('71dfa60b-eac8-4da6-888b-8d046ada99b0', '00000000-0000-0000-0000-000000000000', 'authenticated', 'authenticated', 'testuser21@mirr.app', '$2a$10$abcdefghijklmnopqrstuv', now(), '{"full_name": "Burak Demir"}', now(), now());
INSERT INTO public.profiles (id, full_name, username, avatar_url, style_dna, city, country, is_public) VALUES ('71dfa60b-eac8-4da6-888b-8d046ada99b0', 'Burak Demir', 'burak_demir', 'https://i.pravatar.cc/150?u=21', '{"vibe": "Classic"}'::jsonb, 'Antalya', 'Turkey', true);
INSERT INTO public.analyses (id, user_id, image_url, type, aura_score, vibe, reasoning, strengths, improvements) VALUES ('3d419483-0246-4c51-bec9-e71015ef3f11', '71dfa60b-eac8-4da6-888b-8d046ada99b0', 'https://images.unsplash.com/photo-1534528741775-53994a69daeb?auto=format&fit=crop&w=800&h=1200&q=80', 'OUTFIT', 97, 'Classic', 'Rahatlık ve şıklık mükemmel dengelenmiş.', '["Uyumlu Renkler"]'::jsonb, '["Belki farklı bir kemer"]'::jsonb);
INSERT INTO public.community_posts (id, user_id, analysis_id, category, total_score, vote_count) VALUES ('6507099f-722b-4d9b-aed9-e24295ffda2f', '71dfa60b-eac8-4da6-888b-8d046ada99b0', '3d419483-0246-4c51-bec9-e71015ef3f11', 'streetwear', 88, 11);

INSERT INTO auth.users (id, instance_id, aud, role, email, encrypted_password, email_confirmed_at, raw_user_meta_data, created_at, updated_at) VALUES ('a1d54e8a-21ed-4725-ba1e-ba138c3f28f2', '00000000-0000-0000-0000-000000000000', 'authenticated', 'authenticated', 'testuser22@mirr.app', '$2a$10$abcdefghijklmnopqrstuv', now(), '{"full_name": "Efe Yıldız"}', now(), now());
INSERT INTO public.profiles (id, full_name, username, avatar_url, style_dna, city, country, is_public) VALUES ('a1d54e8a-21ed-4725-ba1e-ba138c3f28f2', 'Efe Yıldız', 'efe_yildiz', 'https://i.pravatar.cc/150?u=22', '{"vibe": "Streetwear"}'::jsonb, 'Bursa', 'Turkey', true);
INSERT INTO public.analyses (id, user_id, image_url, type, aura_score, vibe, reasoning, strengths, improvements) VALUES ('b3c579a8-e79c-4534-bd0c-024ea445116d', 'a1d54e8a-21ed-4725-ba1e-ba138c3f28f2', 'https://images.unsplash.com/photo-1492562080023-ab3db95bfbce?auto=format&fit=crop&w=800&h=1200&q=80', 'OUTFIT', 94, 'Streetwear', 'Aksesuarlar kombini bir üst seviyeye taşımış.', '["Uyumlu Renkler"]'::jsonb, '["Belki farklı bir kemer"]'::jsonb);
INSERT INTO public.community_posts (id, user_id, analysis_id, category, total_score, vote_count) VALUES ('c9f8a9f5-3327-4783-9be7-a4ce2e4e4613', 'a1d54e8a-21ed-4725-ba1e-ba138c3f28f2', 'b3c579a8-e79c-4534-bd0c-024ea445116d', 'formal', 48, 6);

INSERT INTO auth.users (id, instance_id, aud, role, email, encrypted_password, email_confirmed_at, raw_user_meta_data, created_at, updated_at) VALUES ('3816970d-74fb-4886-8fc4-6d72a272563c', '00000000-0000-0000-0000-000000000000', 'authenticated', 'authenticated', 'testuser23@mirr.app', '$2a$10$abcdefghijklmnopqrstuv', now(), '{"full_name": "Merve Yıldız"}', now(), now());
INSERT INTO public.profiles (id, full_name, username, avatar_url, style_dna, city, country, is_public) VALUES ('3816970d-74fb-4886-8fc4-6d72a272563c', 'Merve Yıldız', 'merve_yildiz', 'https://i.pravatar.cc/150?u=23', '{"vibe": "Streetwear"}'::jsonb, 'Ankara', 'Turkey', true);
INSERT INTO public.analyses (id, user_id, image_url, type, aura_score, vibe, reasoning, strengths, improvements) VALUES ('ab50bdd5-a0d5-44b7-99e5-b15503e9f146', '3816970d-74fb-4886-8fc4-6d72a272563c', 'https://images.unsplash.com/photo-1492633423870-43d1cd2a4b07?auto=format&fit=crop&w=800&h=1200&q=80', 'OUTFIT', 99, 'Streetwear', 'Baştan aşağı özgüven yansıtıyor.', '["Uyumlu Renkler"]'::jsonb, '["Belki farklı bir kemer"]'::jsonb);
INSERT INTO public.community_posts (id, user_id, analysis_id, category, total_score, vote_count) VALUES ('c5e75969-680f-40e5-a463-24569a9c7499', '3816970d-74fb-4886-8fc4-6d72a272563c', 'ab50bdd5-a0d5-44b7-99e5-b15503e9f146', 'date_night', 48, 6);

INSERT INTO auth.users (id, instance_id, aud, role, email, encrypted_password, email_confirmed_at, raw_user_meta_data, created_at, updated_at) VALUES ('25c3ad37-1c4d-40e9-b790-e296d71bfb30', '00000000-0000-0000-0000-000000000000', 'authenticated', 'authenticated', 'testuser24@mirr.app', '$2a$10$abcdefghijklmnopqrstuv', now(), '{"full_name": "Ozan Demir"}', now(), now());
INSERT INTO public.profiles (id, full_name, username, avatar_url, style_dna, city, country, is_public) VALUES ('25c3ad37-1c4d-40e9-b790-e296d71bfb30', 'Ozan Demir', 'ozan_demir', 'https://i.pravatar.cc/150?u=24', '{"vibe": "Oturaklı"}'::jsonb, 'Antalya', 'Turkey', true);
INSERT INTO public.analyses (id, user_id, image_url, type, aura_score, vibe, reasoning, strengths, improvements) VALUES ('d137e203-79a6-4dc3-9116-9fd1cb0be54b', '25c3ad37-1c4d-40e9-b790-e296d71bfb30', 'https://images.unsplash.com/photo-1503342217505-b0a15ec3261c?auto=format&fit=crop&w=800&h=1200&q=80', 'OUTFIT', 96, 'Oturaklı', 'Katmanlı giyim harika olmuş, modern bir hava katıyor.', '["Uyumlu Renkler"]'::jsonb, '["Belki farklı bir kemer"]'::jsonb);
INSERT INTO public.community_posts (id, user_id, analysis_id, category, total_score, vote_count) VALUES ('0240367c-5d07-476c-9877-feff23915e00', '25c3ad37-1c4d-40e9-b790-e296d71bfb30', 'd137e203-79a6-4dc3-9116-9fd1cb0be54b', 'formal', 14, 2);

INSERT INTO auth.users (id, instance_id, aud, role, email, encrypted_password, email_confirmed_at, raw_user_meta_data, created_at, updated_at) VALUES ('190a4faf-a3bf-43fe-adeb-5673002bc309', '00000000-0000-0000-0000-000000000000', 'authenticated', 'authenticated', 'testuser25@mirr.app', '$2a$10$abcdefghijklmnopqrstuv', now(), '{"full_name": "Ceren Yılmaz"}', now(), now());
INSERT INTO public.profiles (id, full_name, username, avatar_url, style_dna, city, country, is_public) VALUES ('190a4faf-a3bf-43fe-adeb-5673002bc309', 'Ceren Yılmaz', 'ceren_yilmaz', 'https://i.pravatar.cc/150?u=25', '{"vibe": "Techwear"}'::jsonb, 'Istanbul', 'Turkey', true);
INSERT INTO public.analyses (id, user_id, image_url, type, aura_score, vibe, reasoning, strengths, improvements) VALUES ('61284887-1480-431b-9d76-8b415fabc38f', '190a4faf-a3bf-43fe-adeb-5673002bc309', 'https://images.unsplash.com/photo-1483985988355-763728e1935b?auto=format&fit=crop&w=800&h=1200&q=80', 'OUTFIT', 90, 'Techwear', 'Renklerin uyumu muazzam, tam bir klasik.', '["Uyumlu Renkler"]'::jsonb, '["Belki farklı bir kemer"]'::jsonb);
INSERT INTO public.community_posts (id, user_id, analysis_id, category, total_score, vote_count) VALUES ('a4f4749f-4d7c-475f-8283-27f8dcbc2289', '190a4faf-a3bf-43fe-adeb-5673002bc309', '61284887-1480-431b-9d76-8b415fabc38f', 'formal', 63, 9);

INSERT INTO auth.users (id, instance_id, aud, role, email, encrypted_password, email_confirmed_at, raw_user_meta_data, created_at, updated_at) VALUES ('8143f6fb-7757-409a-ba9c-260bfcb0772a', '00000000-0000-0000-0000-000000000000', 'authenticated', 'authenticated', 'testuser26@mirr.app', '$2a$10$abcdefghijklmnopqrstuv', now(), '{"full_name": "Elif Demir"}', now(), now());
INSERT INTO public.profiles (id, full_name, username, avatar_url, style_dna, city, country, is_public) VALUES ('8143f6fb-7757-409a-ba9c-260bfcb0772a', 'Elif Demir', 'elif_demir', 'https://i.pravatar.cc/150?u=26', '{"vibe": "Y2K"}'::jsonb, 'Ankara', 'Turkey', true);
INSERT INTO public.analyses (id, user_id, image_url, type, aura_score, vibe, reasoning, strengths, improvements) VALUES ('1e67518d-ca69-40b3-8129-38a4a985aa93', '8143f6fb-7757-409a-ba9c-260bfcb0772a', 'https://images.unsplash.com/photo-1515886657613-9f3515b0c78f?auto=format&fit=crop&w=800&h=1200&q=80', 'OUTFIT', 92, 'Y2K', 'Aksesuarlar kombini bir üst seviyeye taşımış.', '["Uyumlu Renkler"]'::jsonb, '["Belki farklı bir kemer"]'::jsonb);
INSERT INTO public.community_posts (id, user_id, analysis_id, category, total_score, vote_count) VALUES ('3c5bb84e-8dea-4eea-b3da-4aab4d5301af', '8143f6fb-7757-409a-ba9c-260bfcb0772a', '1e67518d-ca69-40b3-8129-38a4a985aa93', 'formal', 64, 8);

INSERT INTO auth.users (id, instance_id, aud, role, email, encrypted_password, email_confirmed_at, raw_user_meta_data, created_at, updated_at) VALUES ('a633d5a3-1b96-4ee0-888d-8ad9d17e1a70', '00000000-0000-0000-0000-000000000000', 'authenticated', 'authenticated', 'testuser27@mirr.app', '$2a$10$abcdefghijklmnopqrstuv', now(), '{"full_name": "Ayşe Şahin"}', now(), now());
INSERT INTO public.profiles (id, full_name, username, avatar_url, style_dna, city, country, is_public) VALUES ('a633d5a3-1b96-4ee0-888d-8ad9d17e1a70', 'Ayşe Şahin', 'ayse_sahin2', 'https://i.pravatar.cc/150?u=27', '{"vibe": "Minimalist"}'::jsonb, 'Antalya', 'Turkey', true);
INSERT INTO public.analyses (id, user_id, image_url, type, aura_score, vibe, reasoning, strengths, improvements) VALUES ('3cccf2d3-bb5c-42d8-8f9b-5ac8883130c3', 'a633d5a3-1b96-4ee0-888d-8ad9d17e1a70', 'https://images.unsplash.com/photo-1483985988355-763728e1935b?auto=format&fit=crop&w=800&h=1200&q=80', 'OUTFIT', 86, 'Minimalist', 'Rahatlık ve şıklık mükemmel dengelenmiş.', '["Uyumlu Renkler"]'::jsonb, '["Belki farklı bir kemer"]'::jsonb);
INSERT INTO public.community_posts (id, user_id, analysis_id, category, total_score, vote_count) VALUES ('cc2e4d31-9d06-436a-a7a1-6991289e897e', 'a633d5a3-1b96-4ee0-888d-8ad9d17e1a70', '3cccf2d3-bb5c-42d8-8f9b-5ac8883130c3', 'formal', 112, 14);

INSERT INTO auth.users (id, instance_id, aud, role, email, encrypted_password, email_confirmed_at, raw_user_meta_data, created_at, updated_at) VALUES ('ad817a2a-d931-4ecd-8de4-5912046554f0', '00000000-0000-0000-0000-000000000000', 'authenticated', 'authenticated', 'testuser28@mirr.app', '$2a$10$abcdefghijklmnopqrstuv', now(), '{"full_name": "Ece Demir"}', now(), now());
INSERT INTO public.profiles (id, full_name, username, avatar_url, style_dna, city, country, is_public) VALUES ('ad817a2a-d931-4ecd-8de4-5912046554f0', 'Ece Demir', 'ece_demir2', 'https://i.pravatar.cc/150?u=28', '{"vibe": "Classic"}'::jsonb, 'Izmir', 'Turkey', true);
INSERT INTO public.analyses (id, user_id, image_url, type, aura_score, vibe, reasoning, strengths, improvements) VALUES ('46ed587b-a1fa-48a2-bbe4-4e15f310d758', 'ad817a2a-d931-4ecd-8de4-5912046554f0', 'https://images.unsplash.com/photo-1529139574466-a30ab73d321d?auto=format&fit=crop&w=800&h=1200&q=80', 'OUTFIT', 74, 'Classic', 'Renklerin uyumu muazzam, tam bir klasik.', '["Uyumlu Renkler"]'::jsonb, '["Belki farklı bir kemer"]'::jsonb);
INSERT INTO public.community_posts (id, user_id, analysis_id, category, total_score, vote_count) VALUES ('99bec48a-93b9-432e-adb2-f9da0feaae73', 'ad817a2a-d931-4ecd-8de4-5912046554f0', '46ed587b-a1fa-48a2-bbe4-4e15f310d758', 'streetwear', 63, 9);

INSERT INTO auth.users (id, instance_id, aud, role, email, encrypted_password, email_confirmed_at, raw_user_meta_data, created_at, updated_at) VALUES ('7846ef49-a1e1-4749-8710-eb6d168e67f2', '00000000-0000-0000-0000-000000000000', 'authenticated', 'authenticated', 'testuser29@mirr.app', '$2a$10$abcdefghijklmnopqrstuv', now(), '{"full_name": "Merve Özdemir"}', now(), now());
INSERT INTO public.profiles (id, full_name, username, avatar_url, style_dna, city, country, is_public) VALUES ('7846ef49-a1e1-4749-8710-eb6d168e67f2', 'Merve Özdemir', 'merve_ozdemir', 'https://i.pravatar.cc/150?u=29', '{"vibe": "Y2K"}'::jsonb, 'Izmir', 'Turkey', true);
INSERT INTO public.analyses (id, user_id, image_url, type, aura_score, vibe, reasoning, strengths, improvements) VALUES ('b4aca390-d1e6-417f-b641-9bdd23176e68', '7846ef49-a1e1-4749-8710-eb6d168e67f2', 'https://images.unsplash.com/photo-1515886657613-9f3515b0c78f?auto=format&fit=crop&w=800&h=1200&q=80', 'OUTFIT', 98, 'Y2K', 'Renklerin uyumu muazzam, tam bir klasik.', '["Uyumlu Renkler"]'::jsonb, '["Belki farklı bir kemer"]'::jsonb);
INSERT INTO public.community_posts (id, user_id, analysis_id, category, total_score, vote_count) VALUES ('336f30ae-d39a-464a-b691-fcbd1fe8d8a0', '7846ef49-a1e1-4749-8710-eb6d168e67f2', 'b4aca390-d1e6-417f-b641-9bdd23176e68', 'casual', 105, 15);

INSERT INTO auth.users (id, instance_id, aud, role, email, encrypted_password, email_confirmed_at, raw_user_meta_data, created_at, updated_at) VALUES ('e19ba98d-3d6d-4fa7-a377-7009f5953868', '00000000-0000-0000-0000-000000000000', 'authenticated', 'authenticated', 'testuser30@mirr.app', '$2a$10$abcdefghijklmnopqrstuv', now(), '{"full_name": "Mert Yıldız"}', now(), now());
INSERT INTO public.profiles (id, full_name, username, avatar_url, style_dna, city, country, is_public) VALUES ('e19ba98d-3d6d-4fa7-a377-7009f5953868', 'Mert Yıldız', 'mert_yildiz', 'https://i.pravatar.cc/150?u=30', '{"vibe": "Classic"}'::jsonb, 'Istanbul', 'Turkey', true);
INSERT INTO public.analyses (id, user_id, image_url, type, aura_score, vibe, reasoning, strengths, improvements) VALUES ('6d3dbf60-333f-4176-a137-b1bd970e045b', 'e19ba98d-3d6d-4fa7-a377-7009f5953868', 'https://images.unsplash.com/photo-1534528741775-53994a69daeb?auto=format&fit=crop&w=800&h=1200&q=80', 'OUTFIT', 76, 'Classic', 'Baştan aşağı özgüven yansıtıyor.', '["Uyumlu Renkler"]'::jsonb, '["Belki farklı bir kemer"]'::jsonb);
INSERT INTO public.community_posts (id, user_id, analysis_id, category, total_score, vote_count) VALUES ('bfdd66cc-bdc4-4017-aef5-33e2128e9fc6', 'e19ba98d-3d6d-4fa7-a377-7009f5953868', '6d3dbf60-333f-4176-a137-b1bd970e045b', 'formal', 54, 9);

INSERT INTO auth.users (id, instance_id, aud, role, email, encrypted_password, email_confirmed_at, raw_user_meta_data, created_at, updated_at) VALUES ('c36b69e0-8905-4f46-ac80-24e315a5e205', '00000000-0000-0000-0000-000000000000', 'authenticated', 'authenticated', 'testuser31@mirr.app', '$2a$10$abcdefghijklmnopqrstuv', now(), '{"full_name": "Deniz Yıldız"}', now(), now());
INSERT INTO public.profiles (id, full_name, username, avatar_url, style_dna, city, country, is_public) VALUES ('c36b69e0-8905-4f46-ac80-24e315a5e205', 'Deniz Yıldız', 'deniz_yildiz', 'https://i.pravatar.cc/150?u=31', '{"vibe": "Minimalist"}'::jsonb, 'Bursa', 'Turkey', true);
INSERT INTO public.analyses (id, user_id, image_url, type, aura_score, vibe, reasoning, strengths, improvements) VALUES ('cfe46214-f713-4649-a99f-ae94fa6525a9', 'c36b69e0-8905-4f46-ac80-24e315a5e205', 'https://images.unsplash.com/photo-1492562080023-ab3db95bfbce?auto=format&fit=crop&w=800&h=1200&q=80', 'OUTFIT', 79, 'Minimalist', 'Rahatlık ve şıklık mükemmel dengelenmiş.', '["Uyumlu Renkler"]'::jsonb, '["Belki farklı bir kemer"]'::jsonb);
INSERT INTO public.community_posts (id, user_id, analysis_id, category, total_score, vote_count) VALUES ('b84c130d-073a-40b0-bc35-b9b2b668ffec', 'c36b69e0-8905-4f46-ac80-24e315a5e205', 'cfe46214-f713-4649-a99f-ae94fa6525a9', 'formal', 30, 5);

INSERT INTO auth.users (id, instance_id, aud, role, email, encrypted_password, email_confirmed_at, raw_user_meta_data, created_at, updated_at) VALUES ('2e1c7ad7-6204-4610-9bab-7a6779b45a89', '00000000-0000-0000-0000-000000000000', 'authenticated', 'authenticated', 'testuser32@mirr.app', '$2a$10$abcdefghijklmnopqrstuv', now(), '{"full_name": "Büşra Şahin"}', now(), now());
INSERT INTO public.profiles (id, full_name, username, avatar_url, style_dna, city, country, is_public) VALUES ('2e1c7ad7-6204-4610-9bab-7a6779b45a89', 'Büşra Şahin', 'busra_sahin', 'https://i.pravatar.cc/150?u=32', '{"vibe": "Minimalist"}'::jsonb, 'Antalya', 'Turkey', true);
INSERT INTO public.analyses (id, user_id, image_url, type, aura_score, vibe, reasoning, strengths, improvements) VALUES ('6de51735-1f4d-4d14-ad32-d611d8cdf173', '2e1c7ad7-6204-4610-9bab-7a6779b45a89', 'https://images.unsplash.com/photo-1529139574466-a30ab73d321d?auto=format&fit=crop&w=800&h=1200&q=80', 'OUTFIT', 99, 'Minimalist', 'Renklerin uyumu muazzam, tam bir klasik.', '["Uyumlu Renkler"]'::jsonb, '["Belki farklı bir kemer"]'::jsonb);
INSERT INTO public.community_posts (id, user_id, analysis_id, category, total_score, vote_count) VALUES ('0dec52b5-c0f2-4c7b-a8f6-47398aedc720', '2e1c7ad7-6204-4610-9bab-7a6779b45a89', '6de51735-1f4d-4d14-ad32-d611d8cdf173', 'formal', 70, 10);

INSERT INTO auth.users (id, instance_id, aud, role, email, encrypted_password, email_confirmed_at, raw_user_meta_data, created_at, updated_at) VALUES ('6b8adb6a-bc8e-4c7d-9acd-baeff432f719', '00000000-0000-0000-0000-000000000000', 'authenticated', 'authenticated', 'testuser33@mirr.app', '$2a$10$abcdefghijklmnopqrstuv', now(), '{"full_name": "Merve Şahin"}', now(), now());
INSERT INTO public.profiles (id, full_name, username, avatar_url, style_dna, city, country, is_public) VALUES ('6b8adb6a-bc8e-4c7d-9acd-baeff432f719', 'Merve Şahin', 'merve_sahin', 'https://i.pravatar.cc/150?u=33', '{"vibe": "Techwear"}'::jsonb, 'Antalya', 'Turkey', true);
INSERT INTO public.analyses (id, user_id, image_url, type, aura_score, vibe, reasoning, strengths, improvements) VALUES ('bfeebd99-c4c3-48b2-a36e-666f1148417f', '6b8adb6a-bc8e-4c7d-9acd-baeff432f719', 'https://images.unsplash.com/photo-1515886657613-9f3515b0c78f?auto=format&fit=crop&w=800&h=1200&q=80', 'OUTFIT', 91, 'Techwear', 'Aksesuarlar kombini bir üst seviyeye taşımış.', '["Uyumlu Renkler"]'::jsonb, '["Belki farklı bir kemer"]'::jsonb);
INSERT INTO public.community_posts (id, user_id, analysis_id, category, total_score, vote_count) VALUES ('d0556e11-fe80-45b9-83e2-4eeeea300437', '6b8adb6a-bc8e-4c7d-9acd-baeff432f719', 'bfeebd99-c4c3-48b2-a36e-666f1148417f', 'streetwear', 90, 10);

INSERT INTO auth.users (id, instance_id, aud, role, email, encrypted_password, email_confirmed_at, raw_user_meta_data, created_at, updated_at) VALUES ('82a21d7a-4179-47b2-9844-d84ce7dd577f', '00000000-0000-0000-0000-000000000000', 'authenticated', 'authenticated', 'testuser34@mirr.app', '$2a$10$abcdefghijklmnopqrstuv', now(), '{"full_name": "Elif Aydın"}', now(), now());
INSERT INTO public.profiles (id, full_name, username, avatar_url, style_dna, city, country, is_public) VALUES ('82a21d7a-4179-47b2-9844-d84ce7dd577f', 'Elif Aydın', 'elif_aydin', 'https://i.pravatar.cc/150?u=34', '{"vibe": "Minimalist"}'::jsonb, 'Ankara', 'Turkey', true);
INSERT INTO public.analyses (id, user_id, image_url, type, aura_score, vibe, reasoning, strengths, improvements) VALUES ('d346c11c-6716-46ff-b593-e6c74f8e854c', '82a21d7a-4179-47b2-9844-d84ce7dd577f', 'https://images.unsplash.com/photo-1512436991641-70c1bcaa1977?auto=format&fit=crop&w=800&h=1200&q=80', 'OUTFIT', 98, 'Minimalist', 'Rahatlık ve şıklık mükemmel dengelenmiş.', '["Uyumlu Renkler"]'::jsonb, '["Belki farklı bir kemer"]'::jsonb);
INSERT INTO public.community_posts (id, user_id, analysis_id, category, total_score, vote_count) VALUES ('581e3c1d-a2f8-4807-925d-0b7cc38c2117', '82a21d7a-4179-47b2-9844-d84ce7dd577f', 'd346c11c-6716-46ff-b593-e6c74f8e854c', 'casual', 72, 9);

INSERT INTO auth.users (id, instance_id, aud, role, email, encrypted_password, email_confirmed_at, raw_user_meta_data, created_at, updated_at) VALUES ('99741453-f5f3-499c-875b-226fbc11eab8', '00000000-0000-0000-0000-000000000000', 'authenticated', 'authenticated', 'testuser35@mirr.app', '$2a$10$abcdefghijklmnopqrstuv', now(), '{"full_name": "Zeynep Yılmaz"}', now(), now());
INSERT INTO public.profiles (id, full_name, username, avatar_url, style_dna, city, country, is_public) VALUES ('99741453-f5f3-499c-875b-226fbc11eab8', 'Zeynep Yılmaz', 'zeynep_yilmaz', 'https://i.pravatar.cc/150?u=35', '{"vibe": "Streetwear"}'::jsonb, 'Antalya', 'Turkey', true);
INSERT INTO public.analyses (id, user_id, image_url, type, aura_score, vibe, reasoning, strengths, improvements) VALUES ('b94e6453-6f7b-49fa-9829-254e13ef7c55', '99741453-f5f3-499c-875b-226fbc11eab8', 'https://images.unsplash.com/photo-1492633423870-43d1cd2a4b07?auto=format&fit=crop&w=800&h=1200&q=80', 'OUTFIT', 85, 'Streetwear', 'Rahatlık ve şıklık mükemmel dengelenmiş.', '["Uyumlu Renkler"]'::jsonb, '["Belki farklı bir kemer"]'::jsonb);
INSERT INTO public.community_posts (id, user_id, analysis_id, category, total_score, vote_count) VALUES ('640603c9-892b-445f-8e76-8b8819b3e238', '99741453-f5f3-499c-875b-226fbc11eab8', 'b94e6453-6f7b-49fa-9829-254e13ef7c55', 'formal', 14, 2);

INSERT INTO auth.users (id, instance_id, aud, role, email, encrypted_password, email_confirmed_at, raw_user_meta_data, created_at, updated_at) VALUES ('341507a3-4712-4f9f-86df-fd63d509fbc6', '00000000-0000-0000-0000-000000000000', 'authenticated', 'authenticated', 'testuser36@mirr.app', '$2a$10$abcdefghijklmnopqrstuv', now(), '{"full_name": "Deniz Yılmaz"}', now(), now());
INSERT INTO public.profiles (id, full_name, username, avatar_url, style_dna, city, country, is_public) VALUES ('341507a3-4712-4f9f-86df-fd63d509fbc6', 'Deniz Yılmaz', 'deniz_yilmaz', 'https://i.pravatar.cc/150?u=36', '{"vibe": "Classic"}'::jsonb, 'Ankara', 'Turkey', true);
INSERT INTO public.analyses (id, user_id, image_url, type, aura_score, vibe, reasoning, strengths, improvements) VALUES ('ba4bfdcd-3cdd-47f5-91a2-b34e588c01ce', '341507a3-4712-4f9f-86df-fd63d509fbc6', 'https://images.unsplash.com/photo-1534528741775-53994a69daeb?auto=format&fit=crop&w=800&h=1200&q=80', 'OUTFIT', 79, 'Classic', 'Aksesuarlar kombini bir üst seviyeye taşımış.', '["Uyumlu Renkler"]'::jsonb, '["Belki farklı bir kemer"]'::jsonb);
INSERT INTO public.community_posts (id, user_id, analysis_id, category, total_score, vote_count) VALUES ('642fc458-2607-410d-a89f-83b31648fdc0', '341507a3-4712-4f9f-86df-fd63d509fbc6', 'ba4bfdcd-3cdd-47f5-91a2-b34e588c01ce', 'casual', 36, 4);

INSERT INTO auth.users (id, instance_id, aud, role, email, encrypted_password, email_confirmed_at, raw_user_meta_data, created_at, updated_at) VALUES ('0bf7757a-9e3d-4577-9102-6a7f66ffc5ee', '00000000-0000-0000-0000-000000000000', 'authenticated', 'authenticated', 'testuser37@mirr.app', '$2a$10$abcdefghijklmnopqrstuv', now(), '{"full_name": "Elif Öztürk"}', now(), now());
INSERT INTO public.profiles (id, full_name, username, avatar_url, style_dna, city, country, is_public) VALUES ('0bf7757a-9e3d-4577-9102-6a7f66ffc5ee', 'Elif Öztürk', 'elif_ozturk', 'https://i.pravatar.cc/150?u=37', '{"vibe": "Oturaklı"}'::jsonb, 'Antalya', 'Turkey', true);
INSERT INTO public.analyses (id, user_id, image_url, type, aura_score, vibe, reasoning, strengths, improvements) VALUES ('13751393-80bb-40c3-97a5-810dcf753f66', '0bf7757a-9e3d-4577-9102-6a7f66ffc5ee', 'https://images.unsplash.com/photo-1515886657613-9f3515b0c78f?auto=format&fit=crop&w=800&h=1200&q=80', 'OUTFIT', 74, 'Oturaklı', 'Aksesuarlar kombini bir üst seviyeye taşımış.', '["Uyumlu Renkler"]'::jsonb, '["Belki farklı bir kemer"]'::jsonb);
INSERT INTO public.community_posts (id, user_id, analysis_id, category, total_score, vote_count) VALUES ('59fae784-411b-4e4b-8e48-5133f8a62d29', '0bf7757a-9e3d-4577-9102-6a7f66ffc5ee', '13751393-80bb-40c3-97a5-810dcf753f66', 'streetwear', 96, 12);

INSERT INTO auth.users (id, instance_id, aud, role, email, encrypted_password, email_confirmed_at, raw_user_meta_data, created_at, updated_at) VALUES ('5324b77c-049b-4ab7-baf6-be834fd75c66', '00000000-0000-0000-0000-000000000000', 'authenticated', 'authenticated', 'testuser38@mirr.app', '$2a$10$abcdefghijklmnopqrstuv', now(), '{"full_name": "Büşra Demir"}', now(), now());
INSERT INTO public.profiles (id, full_name, username, avatar_url, style_dna, city, country, is_public) VALUES ('5324b77c-049b-4ab7-baf6-be834fd75c66', 'Büşra Demir', 'busra_demir', 'https://i.pravatar.cc/150?u=38', '{"vibe": "Techwear"}'::jsonb, 'Istanbul', 'Turkey', true);
INSERT INTO public.analyses (id, user_id, image_url, type, aura_score, vibe, reasoning, strengths, improvements) VALUES ('dca1ed1b-e124-477b-aaaa-b5576ebd1b47', '5324b77c-049b-4ab7-baf6-be834fd75c66', 'https://images.unsplash.com/photo-1492633423870-43d1cd2a4b07?auto=format&fit=crop&w=800&h=1200&q=80', 'OUTFIT', 84, 'Techwear', 'Renklerin uyumu muazzam, tam bir klasik.', '["Uyumlu Renkler"]'::jsonb, '["Belki farklı bir kemer"]'::jsonb);
INSERT INTO public.community_posts (id, user_id, analysis_id, category, total_score, vote_count) VALUES ('d5d29ce1-e672-4ed5-a660-498c8b7d71dd', '5324b77c-049b-4ab7-baf6-be834fd75c66', 'dca1ed1b-e124-477b-aaaa-b5576ebd1b47', 'date_night', 54, 9);

INSERT INTO auth.users (id, instance_id, aud, role, email, encrypted_password, email_confirmed_at, raw_user_meta_data, created_at, updated_at) VALUES ('fa324358-ba19-4101-9df2-619ee8e6a884', '00000000-0000-0000-0000-000000000000', 'authenticated', 'authenticated', 'testuser39@mirr.app', '$2a$10$abcdefghijklmnopqrstuv', now(), '{"full_name": "Seda Özdemir"}', now(), now());
INSERT INTO public.profiles (id, full_name, username, avatar_url, style_dna, city, country, is_public) VALUES ('fa324358-ba19-4101-9df2-619ee8e6a884', 'Seda Özdemir', 'seda_ozdemir2', 'https://i.pravatar.cc/150?u=39', '{"vibe": "Techwear"}'::jsonb, 'Istanbul', 'Turkey', true);
INSERT INTO public.analyses (id, user_id, image_url, type, aura_score, vibe, reasoning, strengths, improvements) VALUES ('9e202c9c-8527-4bd6-9a1a-8a6b88bd85f8', 'fa324358-ba19-4101-9df2-619ee8e6a884', 'https://images.unsplash.com/photo-1483985988355-763728e1935b?auto=format&fit=crop&w=800&h=1200&q=80', 'OUTFIT', 81, 'Techwear', 'Baştan aşağı özgüven yansıtıyor.', '["Uyumlu Renkler"]'::jsonb, '["Belki farklı bir kemer"]'::jsonb);
INSERT INTO public.community_posts (id, user_id, analysis_id, category, total_score, vote_count) VALUES ('65bdab51-4782-4851-a876-fceb6bb85886', 'fa324358-ba19-4101-9df2-619ee8e6a884', '9e202c9c-8527-4bd6-9a1a-8a6b88bd85f8', 'date_night', 56, 7);

INSERT INTO auth.users (id, instance_id, aud, role, email, encrypted_password, email_confirmed_at, raw_user_meta_data, created_at, updated_at) VALUES ('f7d397cb-ef70-4112-a085-cdff36df7822', '00000000-0000-0000-0000-000000000000', 'authenticated', 'authenticated', 'testuser40@mirr.app', '$2a$10$abcdefghijklmnopqrstuv', now(), '{"full_name": "Mert Yıldız"}', now(), now());
INSERT INTO public.profiles (id, full_name, username, avatar_url, style_dna, city, country, is_public) VALUES ('f7d397cb-ef70-4112-a085-cdff36df7822', 'Mert Yıldız', 'mert_yildiz2', 'https://i.pravatar.cc/150?u=40', '{"vibe": "Avant-Garde"}'::jsonb, 'Izmir', 'Turkey', true);
INSERT INTO public.analyses (id, user_id, image_url, type, aura_score, vibe, reasoning, strengths, improvements) VALUES ('4860ffc1-e3d1-40e1-adf5-393b0557a157', 'f7d397cb-ef70-4112-a085-cdff36df7822', 'https://images.unsplash.com/photo-1503341504253-dff4815485f1?auto=format&fit=crop&w=800&h=1200&q=80', 'OUTFIT', 90, 'Avant-Garde', 'Katmanlı giyim harika olmuş, modern bir hava katıyor.', '["Uyumlu Renkler"]'::jsonb, '["Belki farklı bir kemer"]'::jsonb);
INSERT INTO public.community_posts (id, user_id, analysis_id, category, total_score, vote_count) VALUES ('ac996016-3c07-4a8a-a50b-d2d04cd02f3e', 'f7d397cb-ef70-4112-a085-cdff36df7822', '4860ffc1-e3d1-40e1-adf5-393b0557a157', 'casual', 99, 11);

INSERT INTO auth.users (id, instance_id, aud, role, email, encrypted_password, email_confirmed_at, raw_user_meta_data, created_at, updated_at) VALUES ('e2f8adf4-cd59-4ced-b20a-9ae2670c96e7', '00000000-0000-0000-0000-000000000000', 'authenticated', 'authenticated', 'testuser41@mirr.app', '$2a$10$abcdefghijklmnopqrstuv', now(), '{"full_name": "Melis Yılmaz"}', now(), now());
INSERT INTO public.profiles (id, full_name, username, avatar_url, style_dna, city, country, is_public) VALUES ('e2f8adf4-cd59-4ced-b20a-9ae2670c96e7', 'Melis Yılmaz', 'melis_yilmaz2', 'https://i.pravatar.cc/150?u=41', '{"vibe": "Avant-Garde"}'::jsonb, 'Bursa', 'Turkey', true);
INSERT INTO public.analyses (id, user_id, image_url, type, aura_score, vibe, reasoning, strengths, improvements) VALUES ('3420e935-775c-43af-b2d4-c1a7121fd74e', 'e2f8adf4-cd59-4ced-b20a-9ae2670c96e7', 'https://images.unsplash.com/photo-1483985988355-763728e1935b?auto=format&fit=crop&w=800&h=1200&q=80', 'OUTFIT', 98, 'Avant-Garde', 'Katmanlı giyim harika olmuş, modern bir hava katıyor.', '["Uyumlu Renkler"]'::jsonb, '["Belki farklı bir kemer"]'::jsonb);
INSERT INTO public.community_posts (id, user_id, analysis_id, category, total_score, vote_count) VALUES ('c2edccda-a0b6-40a3-81e4-08e525d28d80', 'e2f8adf4-cd59-4ced-b20a-9ae2670c96e7', '3420e935-775c-43af-b2d4-c1a7121fd74e', 'streetwear', 99, 11);

INSERT INTO auth.users (id, instance_id, aud, role, email, encrypted_password, email_confirmed_at, raw_user_meta_data, created_at, updated_at) VALUES ('7d3b9288-094b-4622-8c32-ede890342806', '00000000-0000-0000-0000-000000000000', 'authenticated', 'authenticated', 'testuser42@mirr.app', '$2a$10$abcdefghijklmnopqrstuv', now(), '{"full_name": "Burak Özdemir"}', now(), now());
INSERT INTO public.profiles (id, full_name, username, avatar_url, style_dna, city, country, is_public) VALUES ('7d3b9288-094b-4622-8c32-ede890342806', 'Burak Özdemir', 'burak_ozdemir', 'https://i.pravatar.cc/150?u=42', '{"vibe": "Oturaklı"}'::jsonb, 'Bursa', 'Turkey', true);
INSERT INTO public.analyses (id, user_id, image_url, type, aura_score, vibe, reasoning, strengths, improvements) VALUES ('62982652-73b3-4259-99cf-04ff1908a047', '7d3b9288-094b-4622-8c32-ede890342806', 'https://images.unsplash.com/photo-1492562080023-ab3db95bfbce?auto=format&fit=crop&w=800&h=1200&q=80', 'OUTFIT', 87, 'Oturaklı', 'Renklerin uyumu muazzam, tam bir klasik.', '["Uyumlu Renkler"]'::jsonb, '["Belki farklı bir kemer"]'::jsonb);
INSERT INTO public.community_posts (id, user_id, analysis_id, category, total_score, vote_count) VALUES ('afd9c3c2-d046-46d1-8c85-3c37060b09fb', '7d3b9288-094b-4622-8c32-ede890342806', '62982652-73b3-4259-99cf-04ff1908a047', 'casual', 54, 9);

INSERT INTO auth.users (id, instance_id, aud, role, email, encrypted_password, email_confirmed_at, raw_user_meta_data, created_at, updated_at) VALUES ('882a5f3b-43d1-432f-aa65-43fa9955f134', '00000000-0000-0000-0000-000000000000', 'authenticated', 'authenticated', 'testuser43@mirr.app', '$2a$10$abcdefghijklmnopqrstuv', now(), '{"full_name": "Deniz Şahin"}', now(), now());
INSERT INTO public.profiles (id, full_name, username, avatar_url, style_dna, city, country, is_public) VALUES ('882a5f3b-43d1-432f-aa65-43fa9955f134', 'Deniz Şahin', 'deniz_sahin', 'https://i.pravatar.cc/150?u=43', '{"vibe": "Techwear"}'::jsonb, 'Bursa', 'Turkey', true);
INSERT INTO public.analyses (id, user_id, image_url, type, aura_score, vibe, reasoning, strengths, improvements) VALUES ('3691e218-9ab4-45c6-ba91-90c14b39bca2', '882a5f3b-43d1-432f-aa65-43fa9955f134', 'https://images.unsplash.com/photo-1534528741775-53994a69daeb?auto=format&fit=crop&w=800&h=1200&q=80', 'OUTFIT', 87, 'Techwear', 'Rahatlık ve şıklık mükemmel dengelenmiş.', '["Uyumlu Renkler"]'::jsonb, '["Belki farklı bir kemer"]'::jsonb);
INSERT INTO public.community_posts (id, user_id, analysis_id, category, total_score, vote_count) VALUES ('c1b670fd-7c0d-4441-a9d7-aab151f38b5d', '882a5f3b-43d1-432f-aa65-43fa9955f134', '3691e218-9ab4-45c6-ba91-90c14b39bca2', 'date_night', 63, 7);

INSERT INTO auth.users (id, instance_id, aud, role, email, encrypted_password, email_confirmed_at, raw_user_meta_data, created_at, updated_at) VALUES ('ed549c20-832a-467c-a82e-5121bec1b446', '00000000-0000-0000-0000-000000000000', 'authenticated', 'authenticated', 'testuser44@mirr.app', '$2a$10$abcdefghijklmnopqrstuv', now(), '{"full_name": "Büşra Çelik"}', now(), now());
INSERT INTO public.profiles (id, full_name, username, avatar_url, style_dna, city, country, is_public) VALUES ('ed549c20-832a-467c-a82e-5121bec1b446', 'Büşra Çelik', 'busra_celik', 'https://i.pravatar.cc/150?u=44', '{"vibe": "Oturaklı"}'::jsonb, 'Bursa', 'Turkey', true);
INSERT INTO public.analyses (id, user_id, image_url, type, aura_score, vibe, reasoning, strengths, improvements) VALUES ('284c58ff-86b6-4258-b53b-e7d60a0097f3', 'ed549c20-832a-467c-a82e-5121bec1b446', 'https://images.unsplash.com/photo-1512436991641-70c1bcaa1977?auto=format&fit=crop&w=800&h=1200&q=80', 'OUTFIT', 84, 'Oturaklı', 'Katmanlı giyim harika olmuş, modern bir hava katıyor.', '["Uyumlu Renkler"]'::jsonb, '["Belki farklı bir kemer"]'::jsonb);
INSERT INTO public.community_posts (id, user_id, analysis_id, category, total_score, vote_count) VALUES ('72f6faf0-0ac0-47c3-bf8e-75d9732a5bd1', 'ed549c20-832a-467c-a82e-5121bec1b446', '284c58ff-86b6-4258-b53b-e7d60a0097f3', 'date_night', 6, 1);

INSERT INTO auth.users (id, instance_id, aud, role, email, encrypted_password, email_confirmed_at, raw_user_meta_data, created_at, updated_at) VALUES ('fc093fea-5856-494e-9030-10a9b09b2f59', '00000000-0000-0000-0000-000000000000', 'authenticated', 'authenticated', 'testuser45@mirr.app', '$2a$10$abcdefghijklmnopqrstuv', now(), '{"full_name": "Zeynep Çelik"}', now(), now());
INSERT INTO public.profiles (id, full_name, username, avatar_url, style_dna, city, country, is_public) VALUES ('fc093fea-5856-494e-9030-10a9b09b2f59', 'Zeynep Çelik', 'zeynep_celik', 'https://i.pravatar.cc/150?u=45', '{"vibe": "Minimalist"}'::jsonb, 'Ankara', 'Turkey', true);
INSERT INTO public.analyses (id, user_id, image_url, type, aura_score, vibe, reasoning, strengths, improvements) VALUES ('f1fb307b-3457-4454-b93a-2b69f339b3f0', 'fc093fea-5856-494e-9030-10a9b09b2f59', 'https://images.unsplash.com/photo-1512436991641-70c1bcaa1977?auto=format&fit=crop&w=800&h=1200&q=80', 'OUTFIT', 82, 'Minimalist', 'Aksesuarlar kombini bir üst seviyeye taşımış.', '["Uyumlu Renkler"]'::jsonb, '["Belki farklı bir kemer"]'::jsonb);
INSERT INTO public.community_posts (id, user_id, analysis_id, category, total_score, vote_count) VALUES ('34463561-f9ce-4ed8-aebb-32bf917c7abe', 'fc093fea-5856-494e-9030-10a9b09b2f59', 'f1fb307b-3457-4454-b93a-2b69f339b3f0', 'formal', 24, 3);

INSERT INTO auth.users (id, instance_id, aud, role, email, encrypted_password, email_confirmed_at, raw_user_meta_data, created_at, updated_at) VALUES ('a36ecb9c-5c4c-40a1-ab80-b0822f6b06b3', '00000000-0000-0000-0000-000000000000', 'authenticated', 'authenticated', 'testuser46@mirr.app', '$2a$10$abcdefghijklmnopqrstuv', now(), '{"full_name": "Kaan Öztürk"}', now(), now());
INSERT INTO public.profiles (id, full_name, username, avatar_url, style_dna, city, country, is_public) VALUES ('a36ecb9c-5c4c-40a1-ab80-b0822f6b06b3', 'Kaan Öztürk', 'kaan_ozturk', 'https://i.pravatar.cc/150?u=46', '{"vibe": "Avant-Garde"}'::jsonb, 'Ankara', 'Turkey', true);
INSERT INTO public.analyses (id, user_id, image_url, type, aura_score, vibe, reasoning, strengths, improvements) VALUES ('20be175b-859a-449a-ae04-43b3332c1f52', 'a36ecb9c-5c4c-40a1-ab80-b0822f6b06b3', 'https://images.unsplash.com/photo-1492562080023-ab3db95bfbce?auto=format&fit=crop&w=800&h=1200&q=80', 'OUTFIT', 89, 'Avant-Garde', 'Rahatlık ve şıklık mükemmel dengelenmiş.', '["Uyumlu Renkler"]'::jsonb, '["Belki farklı bir kemer"]'::jsonb);
INSERT INTO public.community_posts (id, user_id, analysis_id, category, total_score, vote_count) VALUES ('4b61be9b-fd0f-4c15-8c86-206496d1f4dc', 'a36ecb9c-5c4c-40a1-ab80-b0822f6b06b3', '20be175b-859a-449a-ae04-43b3332c1f52', 'date_night', 6, 1);

INSERT INTO auth.users (id, instance_id, aud, role, email, encrypted_password, email_confirmed_at, raw_user_meta_data, created_at, updated_at) VALUES ('d4a2063a-a695-4782-9570-649e04db27bd', '00000000-0000-0000-0000-000000000000', 'authenticated', 'authenticated', 'testuser47@mirr.app', '$2a$10$abcdefghijklmnopqrstuv', now(), '{"full_name": "Fatma Kaya"}', now(), now());
INSERT INTO public.profiles (id, full_name, username, avatar_url, style_dna, city, country, is_public) VALUES ('d4a2063a-a695-4782-9570-649e04db27bd', 'Fatma Kaya', 'fatma_kaya', 'https://i.pravatar.cc/150?u=47', '{"vibe": "Minimalist"}'::jsonb, 'Ankara', 'Turkey', true);
INSERT INTO public.analyses (id, user_id, image_url, type, aura_score, vibe, reasoning, strengths, improvements) VALUES ('2b457484-99ff-4cac-9ca5-ecb5ad7aa898', 'd4a2063a-a695-4782-9570-649e04db27bd', 'https://images.unsplash.com/photo-1512436991641-70c1bcaa1977?auto=format&fit=crop&w=800&h=1200&q=80', 'OUTFIT', 88, 'Minimalist', 'Renklerin uyumu muazzam, tam bir klasik.', '["Uyumlu Renkler"]'::jsonb, '["Belki farklı bir kemer"]'::jsonb);
INSERT INTO public.community_posts (id, user_id, analysis_id, category, total_score, vote_count) VALUES ('de646e3e-37b1-4eb1-a361-39cfcf3fb135', 'd4a2063a-a695-4782-9570-649e04db27bd', '2b457484-99ff-4cac-9ca5-ecb5ad7aa898', 'formal', 105, 15);

INSERT INTO auth.users (id, instance_id, aud, role, email, encrypted_password, email_confirmed_at, raw_user_meta_data, created_at, updated_at) VALUES ('e504555e-6eec-4f37-b8d8-a275eebfc320', '00000000-0000-0000-0000-000000000000', 'authenticated', 'authenticated', 'testuser48@mirr.app', '$2a$10$abcdefghijklmnopqrstuv', now(), '{"full_name": "Kaan Yılmaz"}', now(), now());
INSERT INTO public.profiles (id, full_name, username, avatar_url, style_dna, city, country, is_public) VALUES ('e504555e-6eec-4f37-b8d8-a275eebfc320', 'Kaan Yılmaz', 'kaan_yilmaz', 'https://i.pravatar.cc/150?u=48', '{"vibe": "Techwear"}'::jsonb, 'Istanbul', 'Turkey', true);
INSERT INTO public.analyses (id, user_id, image_url, type, aura_score, vibe, reasoning, strengths, improvements) VALUES ('27181739-4312-4900-ba83-374712bfdce1', 'e504555e-6eec-4f37-b8d8-a275eebfc320', 'https://images.unsplash.com/photo-1534528741775-53994a69daeb?auto=format&fit=crop&w=800&h=1200&q=80', 'OUTFIT', 83, 'Techwear', 'Aksesuarlar kombini bir üst seviyeye taşımış.', '["Uyumlu Renkler"]'::jsonb, '["Belki farklı bir kemer"]'::jsonb);
INSERT INTO public.community_posts (id, user_id, analysis_id, category, total_score, vote_count) VALUES ('f68611e6-e156-410a-83fb-7b9b209a3d4d', 'e504555e-6eec-4f37-b8d8-a275eebfc320', '27181739-4312-4900-ba83-374712bfdce1', 'streetwear', 24, 3);

INSERT INTO auth.users (id, instance_id, aud, role, email, encrypted_password, email_confirmed_at, raw_user_meta_data, created_at, updated_at) VALUES ('d3ade3dc-a103-4ca3-8e0b-eee7e148b3df', '00000000-0000-0000-0000-000000000000', 'authenticated', 'authenticated', 'testuser49@mirr.app', '$2a$10$abcdefghijklmnopqrstuv', now(), '{"full_name": "Fatma Arslan"}', now(), now());
INSERT INTO public.profiles (id, full_name, username, avatar_url, style_dna, city, country, is_public) VALUES ('d3ade3dc-a103-4ca3-8e0b-eee7e148b3df', 'Fatma Arslan', 'fatma_arslan', 'https://i.pravatar.cc/150?u=49', '{"vibe": "Classic"}'::jsonb, 'Ankara', 'Turkey', true);
INSERT INTO public.analyses (id, user_id, image_url, type, aura_score, vibe, reasoning, strengths, improvements) VALUES ('5d27bb25-7660-476f-bcc2-8ddc6b8e326f', 'd3ade3dc-a103-4ca3-8e0b-eee7e148b3df', 'https://images.unsplash.com/photo-1483985988355-763728e1935b?auto=format&fit=crop&w=800&h=1200&q=80', 'OUTFIT', 93, 'Classic', 'Katmanlı giyim harika olmuş, modern bir hava katıyor.', '["Uyumlu Renkler"]'::jsonb, '["Belki farklı bir kemer"]'::jsonb);
INSERT INTO public.community_posts (id, user_id, analysis_id, category, total_score, vote_count) VALUES ('c16bc26f-24b9-434a-bc26-6129da36aa10', 'd3ade3dc-a103-4ca3-8e0b-eee7e148b3df', '5d27bb25-7660-476f-bcc2-8ddc6b8e326f', 'casual', 6, 1);

INSERT INTO auth.users (id, instance_id, aud, role, email, encrypted_password, email_confirmed_at, raw_user_meta_data, created_at, updated_at) VALUES ('42f8c153-b41c-41ad-92a7-3a5d511a511a', '00000000-0000-0000-0000-000000000000', 'authenticated', 'authenticated', 'testuser50@mirr.app', '$2a$10$abcdefghijklmnopqrstuv', now(), '{"full_name": "Melis Yılmaz"}', now(), now());
INSERT INTO public.profiles (id, full_name, username, avatar_url, style_dna, city, country, is_public) VALUES ('42f8c153-b41c-41ad-92a7-3a5d511a511a', 'Melis Yılmaz', 'melis_yilmaz3', 'https://i.pravatar.cc/150?u=50', '{"vibe": "Streetwear"}'::jsonb, 'Antalya', 'Turkey', true);
INSERT INTO public.analyses (id, user_id, image_url, type, aura_score, vibe, reasoning, strengths, improvements) VALUES ('37d184f9-81a3-4aaf-ab8c-190ad438c99e', '42f8c153-b41c-41ad-92a7-3a5d511a511a', 'https://images.unsplash.com/photo-1529139574466-a30ab73d321d?auto=format&fit=crop&w=800&h=1200&q=80', 'OUTFIT', 97, 'Streetwear', 'Renklerin uyumu muazzam, tam bir klasik.', '["Uyumlu Renkler"]'::jsonb, '["Belki farklı bir kemer"]'::jsonb);
INSERT INTO public.community_posts (id, user_id, analysis_id, category, total_score, vote_count) VALUES ('53a62711-56ea-49ad-99f8-5d5c4b4cf913', '42f8c153-b41c-41ad-92a7-3a5d511a511a', '37d184f9-81a3-4aaf-ab8c-190ad438c99e', 'streetwear', 7, 1);

INSERT INTO auth.users (id, instance_id, aud, role, email, encrypted_password, email_confirmed_at, raw_user_meta_data, created_at, updated_at) VALUES ('b0ca5ba1-9211-43b7-b2c0-c866cde5a07f', '00000000-0000-0000-0000-000000000000', 'authenticated', 'authenticated', 'testuser51@mirr.app', '$2a$10$abcdefghijklmnopqrstuv', now(), '{"full_name": "Ece Şahin"}', now(), now());
INSERT INTO public.profiles (id, full_name, username, avatar_url, style_dna, city, country, is_public) VALUES ('b0ca5ba1-9211-43b7-b2c0-c866cde5a07f', 'Ece Şahin', 'ece_sahin', 'https://i.pravatar.cc/150?u=51', '{"vibe": "Techwear"}'::jsonb, 'Antalya', 'Turkey', true);
INSERT INTO public.analyses (id, user_id, image_url, type, aura_score, vibe, reasoning, strengths, improvements) VALUES ('065d6ac4-6e72-4520-ac81-900b73e96880', 'b0ca5ba1-9211-43b7-b2c0-c866cde5a07f', 'https://images.unsplash.com/photo-1515886657613-9f3515b0c78f?auto=format&fit=crop&w=800&h=1200&q=80', 'OUTFIT', 82, 'Techwear', 'Baştan aşağı özgüven yansıtıyor.', '["Uyumlu Renkler"]'::jsonb, '["Belki farklı bir kemer"]'::jsonb);
INSERT INTO public.community_posts (id, user_id, analysis_id, category, total_score, vote_count) VALUES ('54c35aff-a8e0-4d22-973d-9b1de54ced56', 'b0ca5ba1-9211-43b7-b2c0-c866cde5a07f', '065d6ac4-6e72-4520-ac81-900b73e96880', 'formal', 84, 14);

INSERT INTO auth.users (id, instance_id, aud, role, email, encrypted_password, email_confirmed_at, raw_user_meta_data, created_at, updated_at) VALUES ('b9a51676-fd23-4dab-9d9b-c89691ce5686', '00000000-0000-0000-0000-000000000000', 'authenticated', 'authenticated', 'testuser52@mirr.app', '$2a$10$abcdefghijklmnopqrstuv', now(), '{"full_name": "Fatma Çelik"}', now(), now());
INSERT INTO public.profiles (id, full_name, username, avatar_url, style_dna, city, country, is_public) VALUES ('b9a51676-fd23-4dab-9d9b-c89691ce5686', 'Fatma Çelik', 'fatma_celik', 'https://i.pravatar.cc/150?u=52', '{"vibe": "Avant-Garde"}'::jsonb, 'Izmir', 'Turkey', true);
INSERT INTO public.analyses (id, user_id, image_url, type, aura_score, vibe, reasoning, strengths, improvements) VALUES ('6df62daa-2ab0-4823-891a-693299244ab9', 'b9a51676-fd23-4dab-9d9b-c89691ce5686', 'https://images.unsplash.com/photo-1512436991641-70c1bcaa1977?auto=format&fit=crop&w=800&h=1200&q=80', 'OUTFIT', 78, 'Avant-Garde', 'Aksesuarlar kombini bir üst seviyeye taşımış.', '["Uyumlu Renkler"]'::jsonb, '["Belki farklı bir kemer"]'::jsonb);
INSERT INTO public.community_posts (id, user_id, analysis_id, category, total_score, vote_count) VALUES ('6f016581-a557-45d4-8dba-621a0ad322eb', 'b9a51676-fd23-4dab-9d9b-c89691ce5686', '6df62daa-2ab0-4823-891a-693299244ab9', 'formal', 72, 9);

INSERT INTO auth.users (id, instance_id, aud, role, email, encrypted_password, email_confirmed_at, raw_user_meta_data, created_at, updated_at) VALUES ('a8b6c9f6-d8cf-4e6b-ba30-41600fd2b39c', '00000000-0000-0000-0000-000000000000', 'authenticated', 'authenticated', 'testuser53@mirr.app', '$2a$10$abcdefghijklmnopqrstuv', now(), '{"full_name": "Kaan Özdemir"}', now(), now());
INSERT INTO public.profiles (id, full_name, username, avatar_url, style_dna, city, country, is_public) VALUES ('a8b6c9f6-d8cf-4e6b-ba30-41600fd2b39c', 'Kaan Özdemir', 'kaan_ozdemir', 'https://i.pravatar.cc/150?u=53', '{"vibe": "Y2K"}'::jsonb, 'Istanbul', 'Turkey', true);
INSERT INTO public.analyses (id, user_id, image_url, type, aura_score, vibe, reasoning, strengths, improvements) VALUES ('26779c84-c6c6-4f0b-9320-3d6bb3d9acf7', 'a8b6c9f6-d8cf-4e6b-ba30-41600fd2b39c', 'https://images.unsplash.com/photo-1503342217505-b0a15ec3261c?auto=format&fit=crop&w=800&h=1200&q=80', 'OUTFIT', 83, 'Y2K', 'Baştan aşağı özgüven yansıtıyor.', '["Uyumlu Renkler"]'::jsonb, '["Belki farklı bir kemer"]'::jsonb);
INSERT INTO public.community_posts (id, user_id, analysis_id, category, total_score, vote_count) VALUES ('c5cb202d-74e9-4a23-9b31-5a99d3fc3823', 'a8b6c9f6-d8cf-4e6b-ba30-41600fd2b39c', '26779c84-c6c6-4f0b-9320-3d6bb3d9acf7', 'casual', 112, 14);

INSERT INTO auth.users (id, instance_id, aud, role, email, encrypted_password, email_confirmed_at, raw_user_meta_data, created_at, updated_at) VALUES ('e5045b90-884f-4185-af52-136fba10abc2', '00000000-0000-0000-0000-000000000000', 'authenticated', 'authenticated', 'testuser54@mirr.app', '$2a$10$abcdefghijklmnopqrstuv', now(), '{"full_name": "Emre Çelik"}', now(), now());
INSERT INTO public.profiles (id, full_name, username, avatar_url, style_dna, city, country, is_public) VALUES ('e5045b90-884f-4185-af52-136fba10abc2', 'Emre Çelik', 'emre_celik', 'https://i.pravatar.cc/150?u=54', '{"vibe": "Techwear"}'::jsonb, 'Istanbul', 'Turkey', true);
INSERT INTO public.analyses (id, user_id, image_url, type, aura_score, vibe, reasoning, strengths, improvements) VALUES ('11a667ad-33cc-4e43-ae10-ee80db3dd195', 'e5045b90-884f-4185-af52-136fba10abc2', 'https://images.unsplash.com/photo-1488161628813-0aa45bd72765?auto=format&fit=crop&w=800&h=1200&q=80', 'OUTFIT', 77, 'Techwear', 'Renklerin uyumu muazzam, tam bir klasik.', '["Uyumlu Renkler"]'::jsonb, '["Belki farklı bir kemer"]'::jsonb);
INSERT INTO public.community_posts (id, user_id, analysis_id, category, total_score, vote_count) VALUES ('ce098c23-5dca-43b5-9872-b3da79d7064a', 'e5045b90-884f-4185-af52-136fba10abc2', '11a667ad-33cc-4e43-ae10-ee80db3dd195', 'formal', 81, 9);

INSERT INTO auth.users (id, instance_id, aud, role, email, encrypted_password, email_confirmed_at, raw_user_meta_data, created_at, updated_at) VALUES ('7cef774f-580f-459f-9c44-2c64c90a7d1d', '00000000-0000-0000-0000-000000000000', 'authenticated', 'authenticated', 'testuser55@mirr.app', '$2a$10$abcdefghijklmnopqrstuv', now(), '{"full_name": "Fatma Aydın"}', now(), now());
INSERT INTO public.profiles (id, full_name, username, avatar_url, style_dna, city, country, is_public) VALUES ('7cef774f-580f-459f-9c44-2c64c90a7d1d', 'Fatma Aydın', 'fatma_aydin2', 'https://i.pravatar.cc/150?u=55', '{"vibe": "Minimalist"}'::jsonb, 'Izmir', 'Turkey', true);
INSERT INTO public.analyses (id, user_id, image_url, type, aura_score, vibe, reasoning, strengths, improvements) VALUES ('beab5cb7-a015-4a32-8e34-577d89ff6a86', '7cef774f-580f-459f-9c44-2c64c90a7d1d', 'https://images.unsplash.com/photo-1529139574466-a30ab73d321d?auto=format&fit=crop&w=800&h=1200&q=80', 'OUTFIT', 98, 'Minimalist', 'Renklerin uyumu muazzam, tam bir klasik.', '["Uyumlu Renkler"]'::jsonb, '["Belki farklı bir kemer"]'::jsonb);
INSERT INTO public.community_posts (id, user_id, analysis_id, category, total_score, vote_count) VALUES ('e56367c5-fa06-4ebb-a2e8-92b702f0a084', '7cef774f-580f-459f-9c44-2c64c90a7d1d', 'beab5cb7-a015-4a32-8e34-577d89ff6a86', 'casual', 24, 4);

INSERT INTO auth.users (id, instance_id, aud, role, email, encrypted_password, email_confirmed_at, raw_user_meta_data, created_at, updated_at) VALUES ('84a2e324-4f95-4740-b9f5-bd91fe28a119', '00000000-0000-0000-0000-000000000000', 'authenticated', 'authenticated', 'testuser56@mirr.app', '$2a$10$abcdefghijklmnopqrstuv', now(), '{"full_name": "Kerem Kaya"}', now(), now());
INSERT INTO public.profiles (id, full_name, username, avatar_url, style_dna, city, country, is_public) VALUES ('84a2e324-4f95-4740-b9f5-bd91fe28a119', 'Kerem Kaya', 'kerem_kaya', 'https://i.pravatar.cc/150?u=56', '{"vibe": "Old Money"}'::jsonb, 'Izmir', 'Turkey', true);
INSERT INTO public.analyses (id, user_id, image_url, type, aura_score, vibe, reasoning, strengths, improvements) VALUES ('924bf2c7-4185-4365-ac49-a2c8aac5d6f0', '84a2e324-4f95-4740-b9f5-bd91fe28a119', 'https://images.unsplash.com/photo-1503341504253-dff4815485f1?auto=format&fit=crop&w=800&h=1200&q=80', 'OUTFIT', 86, 'Old Money', 'Rahatlık ve şıklık mükemmel dengelenmiş.', '["Uyumlu Renkler"]'::jsonb, '["Belki farklı bir kemer"]'::jsonb);
INSERT INTO public.community_posts (id, user_id, analysis_id, category, total_score, vote_count) VALUES ('f5185791-a1c8-443f-98fd-40511d042ab6', '84a2e324-4f95-4740-b9f5-bd91fe28a119', '924bf2c7-4185-4365-ac49-a2c8aac5d6f0', 'formal', 112, 14);

INSERT INTO auth.users (id, instance_id, aud, role, email, encrypted_password, email_confirmed_at, raw_user_meta_data, created_at, updated_at) VALUES ('ca8c4eaf-cd32-47a5-b958-ce53ec1b8218', '00000000-0000-0000-0000-000000000000', 'authenticated', 'authenticated', 'testuser57@mirr.app', '$2a$10$abcdefghijklmnopqrstuv', now(), '{"full_name": "Mert Çelik"}', now(), now());
INSERT INTO public.profiles (id, full_name, username, avatar_url, style_dna, city, country, is_public) VALUES ('ca8c4eaf-cd32-47a5-b958-ce53ec1b8218', 'Mert Çelik', 'mert_celik', 'https://i.pravatar.cc/150?u=57', '{"vibe": "Classic"}'::jsonb, 'Izmir', 'Turkey', true);
INSERT INTO public.analyses (id, user_id, image_url, type, aura_score, vibe, reasoning, strengths, improvements) VALUES ('8b5d8d32-a864-40a4-85a9-628e440507f8', 'ca8c4eaf-cd32-47a5-b958-ce53ec1b8218', 'https://images.unsplash.com/photo-1503342217505-b0a15ec3261c?auto=format&fit=crop&w=800&h=1200&q=80', 'OUTFIT', 70, 'Classic', 'Rahatlık ve şıklık mükemmel dengelenmiş.', '["Uyumlu Renkler"]'::jsonb, '["Belki farklı bir kemer"]'::jsonb);
INSERT INTO public.community_posts (id, user_id, analysis_id, category, total_score, vote_count) VALUES ('970a8369-8058-4ac1-b34b-086bd4b7f23a', 'ca8c4eaf-cd32-47a5-b958-ce53ec1b8218', '8b5d8d32-a864-40a4-85a9-628e440507f8', 'date_night', 24, 4);

INSERT INTO auth.users (id, instance_id, aud, role, email, encrypted_password, email_confirmed_at, raw_user_meta_data, created_at, updated_at) VALUES ('692fa6ad-0fd3-4ec9-8617-46bd438f560c', '00000000-0000-0000-0000-000000000000', 'authenticated', 'authenticated', 'testuser58@mirr.app', '$2a$10$abcdefghijklmnopqrstuv', now(), '{"full_name": "Ozan Kaya"}', now(), now());
INSERT INTO public.profiles (id, full_name, username, avatar_url, style_dna, city, country, is_public) VALUES ('692fa6ad-0fd3-4ec9-8617-46bd438f560c', 'Ozan Kaya', 'ozan_kaya', 'https://i.pravatar.cc/150?u=58', '{"vibe": "Streetwear"}'::jsonb, 'Ankara', 'Turkey', true);
INSERT INTO public.analyses (id, user_id, image_url, type, aura_score, vibe, reasoning, strengths, improvements) VALUES ('85608eae-20c1-415e-bf5d-c38add57b2e0', '692fa6ad-0fd3-4ec9-8617-46bd438f560c', 'https://images.unsplash.com/photo-1488161628813-0aa45bd72765?auto=format&fit=crop&w=800&h=1200&q=80', 'OUTFIT', 98, 'Streetwear', 'Renklerin uyumu muazzam, tam bir klasik.', '["Uyumlu Renkler"]'::jsonb, '["Belki farklı bir kemer"]'::jsonb);
INSERT INTO public.community_posts (id, user_id, analysis_id, category, total_score, vote_count) VALUES ('e13b9dde-09c5-4c5b-9a56-67e2ee4e0565', '692fa6ad-0fd3-4ec9-8617-46bd438f560c', '85608eae-20c1-415e-bf5d-c38add57b2e0', 'date_night', 84, 14);

INSERT INTO auth.users (id, instance_id, aud, role, email, encrypted_password, email_confirmed_at, raw_user_meta_data, created_at, updated_at) VALUES ('bf0f20bf-cfb3-4ea6-ba40-5e561b99db89', '00000000-0000-0000-0000-000000000000', 'authenticated', 'authenticated', 'testuser59@mirr.app', '$2a$10$abcdefghijklmnopqrstuv', now(), '{"full_name": "Ayşe Yıldız"}', now(), now());
INSERT INTO public.profiles (id, full_name, username, avatar_url, style_dna, city, country, is_public) VALUES ('bf0f20bf-cfb3-4ea6-ba40-5e561b99db89', 'Ayşe Yıldız', 'ayse_yildiz2', 'https://i.pravatar.cc/150?u=59', '{"vibe": "Techwear"}'::jsonb, 'Izmir', 'Turkey', true);
INSERT INTO public.analyses (id, user_id, image_url, type, aura_score, vibe, reasoning, strengths, improvements) VALUES ('b3b7459d-f31d-4a6c-ab4d-eaed0fbe41a9', 'bf0f20bf-cfb3-4ea6-ba40-5e561b99db89', 'https://images.unsplash.com/photo-1515886657613-9f3515b0c78f?auto=format&fit=crop&w=800&h=1200&q=80', 'OUTFIT', 96, 'Techwear', 'Katmanlı giyim harika olmuş, modern bir hava katıyor.', '["Uyumlu Renkler"]'::jsonb, '["Belki farklı bir kemer"]'::jsonb);
INSERT INTO public.community_posts (id, user_id, analysis_id, category, total_score, vote_count) VALUES ('4f95548f-6d1a-40b1-a61d-b86da240c3d6', 'bf0f20bf-cfb3-4ea6-ba40-5e561b99db89', 'b3b7459d-f31d-4a6c-ab4d-eaed0fbe41a9', 'formal', 7, 1);

INSERT INTO auth.users (id, instance_id, aud, role, email, encrypted_password, email_confirmed_at, raw_user_meta_data, created_at, updated_at) VALUES ('79032f68-7026-4726-bc39-aa779b105498', '00000000-0000-0000-0000-000000000000', 'authenticated', 'authenticated', 'testuser60@mirr.app', '$2a$10$abcdefghijklmnopqrstuv', now(), '{"full_name": "Ece Arslan"}', now(), now());
INSERT INTO public.profiles (id, full_name, username, avatar_url, style_dna, city, country, is_public) VALUES ('79032f68-7026-4726-bc39-aa779b105498', 'Ece Arslan', 'ece_arslan', 'https://i.pravatar.cc/150?u=60', '{"vibe": "Classic"}'::jsonb, 'Bursa', 'Turkey', true);
INSERT INTO public.analyses (id, user_id, image_url, type, aura_score, vibe, reasoning, strengths, improvements) VALUES ('13cd9843-2f8f-49a1-9885-1ada3d564dc8', '79032f68-7026-4726-bc39-aa779b105498', 'https://images.unsplash.com/photo-1529139574466-a30ab73d321d?auto=format&fit=crop&w=800&h=1200&q=80', 'OUTFIT', 86, 'Classic', 'Aksesuarlar kombini bir üst seviyeye taşımış.', '["Uyumlu Renkler"]'::jsonb, '["Belki farklı bir kemer"]'::jsonb);
INSERT INTO public.community_posts (id, user_id, analysis_id, category, total_score, vote_count) VALUES ('8c6c12e9-6829-4fac-bcfb-2c3c7aab878c', '79032f68-7026-4726-bc39-aa779b105498', '13cd9843-2f8f-49a1-9885-1ada3d564dc8', 'streetwear', 36, 4);

INSERT INTO auth.users (id, instance_id, aud, role, email, encrypted_password, email_confirmed_at, raw_user_meta_data, created_at, updated_at) VALUES ('0798f5f6-71a7-4225-ae78-1ddb07923899', '00000000-0000-0000-0000-000000000000', 'authenticated', 'authenticated', 'testuser61@mirr.app', '$2a$10$abcdefghijklmnopqrstuv', now(), '{"full_name": "Cem Yıldız"}', now(), now());
INSERT INTO public.profiles (id, full_name, username, avatar_url, style_dna, city, country, is_public) VALUES ('0798f5f6-71a7-4225-ae78-1ddb07923899', 'Cem Yıldız', 'cem_yildiz', 'https://i.pravatar.cc/150?u=61', '{"vibe": "Y2K"}'::jsonb, 'Antalya', 'Turkey', true);
INSERT INTO public.analyses (id, user_id, image_url, type, aura_score, vibe, reasoning, strengths, improvements) VALUES ('d0f53d0b-e336-4fe9-a4bc-40090c581164', '0798f5f6-71a7-4225-ae78-1ddb07923899', 'https://images.unsplash.com/photo-1534528741775-53994a69daeb?auto=format&fit=crop&w=800&h=1200&q=80', 'OUTFIT', 73, 'Y2K', 'Baştan aşağı özgüven yansıtıyor.', '["Uyumlu Renkler"]'::jsonb, '["Belki farklı bir kemer"]'::jsonb);
INSERT INTO public.community_posts (id, user_id, analysis_id, category, total_score, vote_count) VALUES ('f1abb120-61c9-4a3c-9afe-170cfbad8ad6', '0798f5f6-71a7-4225-ae78-1ddb07923899', 'd0f53d0b-e336-4fe9-a4bc-40090c581164', 'date_night', 7, 1);

INSERT INTO auth.users (id, instance_id, aud, role, email, encrypted_password, email_confirmed_at, raw_user_meta_data, created_at, updated_at) VALUES ('0484a6c0-dacd-41af-86c6-9d8fdbdd0b6d', '00000000-0000-0000-0000-000000000000', 'authenticated', 'authenticated', 'testuser62@mirr.app', '$2a$10$abcdefghijklmnopqrstuv', now(), '{"full_name": "Ayşe Yıldız"}', now(), now());
INSERT INTO public.profiles (id, full_name, username, avatar_url, style_dna, city, country, is_public) VALUES ('0484a6c0-dacd-41af-86c6-9d8fdbdd0b6d', 'Ayşe Yıldız', 'ayse_yildiz3', 'https://i.pravatar.cc/150?u=62', '{"vibe": "Oturaklı"}'::jsonb, 'Izmir', 'Turkey', true);
INSERT INTO public.analyses (id, user_id, image_url, type, aura_score, vibe, reasoning, strengths, improvements) VALUES ('e4ec92e5-8f7c-4c91-abc7-e87027e295ed', '0484a6c0-dacd-41af-86c6-9d8fdbdd0b6d', 'https://images.unsplash.com/photo-1483985988355-763728e1935b?auto=format&fit=crop&w=800&h=1200&q=80', 'OUTFIT', 75, 'Oturaklı', 'Baştan aşağı özgüven yansıtıyor.', '["Uyumlu Renkler"]'::jsonb, '["Belki farklı bir kemer"]'::jsonb);
INSERT INTO public.community_posts (id, user_id, analysis_id, category, total_score, vote_count) VALUES ('61598db6-91cb-4425-931f-0ef61557bb91', '0484a6c0-dacd-41af-86c6-9d8fdbdd0b6d', 'e4ec92e5-8f7c-4c91-abc7-e87027e295ed', 'casual', 105, 15);

INSERT INTO auth.users (id, instance_id, aud, role, email, encrypted_password, email_confirmed_at, raw_user_meta_data, created_at, updated_at) VALUES ('3992edb3-1614-40b0-abbf-1da07ac79ba8', '00000000-0000-0000-0000-000000000000', 'authenticated', 'authenticated', 'testuser63@mirr.app', '$2a$10$abcdefghijklmnopqrstuv', now(), '{"full_name": "Mert Demir"}', now(), now());
INSERT INTO public.profiles (id, full_name, username, avatar_url, style_dna, city, country, is_public) VALUES ('3992edb3-1614-40b0-abbf-1da07ac79ba8', 'Mert Demir', 'mert_demir', 'https://i.pravatar.cc/150?u=63', '{"vibe": "Avant-Garde"}'::jsonb, 'Izmir', 'Turkey', true);
INSERT INTO public.analyses (id, user_id, image_url, type, aura_score, vibe, reasoning, strengths, improvements) VALUES ('8a8648a0-68f7-4e22-9d9a-a34beb85d706', '3992edb3-1614-40b0-abbf-1da07ac79ba8', 'https://images.unsplash.com/photo-1503342217505-b0a15ec3261c?auto=format&fit=crop&w=800&h=1200&q=80', 'OUTFIT', 74, 'Avant-Garde', 'Rahatlık ve şıklık mükemmel dengelenmiş.', '["Uyumlu Renkler"]'::jsonb, '["Belki farklı bir kemer"]'::jsonb);
INSERT INTO public.community_posts (id, user_id, analysis_id, category, total_score, vote_count) VALUES ('522d589a-30f4-4bca-9d25-fddb6836bbc3', '3992edb3-1614-40b0-abbf-1da07ac79ba8', '8a8648a0-68f7-4e22-9d9a-a34beb85d706', 'casual', 108, 12);

INSERT INTO auth.users (id, instance_id, aud, role, email, encrypted_password, email_confirmed_at, raw_user_meta_data, created_at, updated_at) VALUES ('e71ae45f-f85d-4a0b-9c16-d0647168304f', '00000000-0000-0000-0000-000000000000', 'authenticated', 'authenticated', 'testuser64@mirr.app', '$2a$10$abcdefghijklmnopqrstuv', now(), '{"full_name": "Efe Yılmaz"}', now(), now());
INSERT INTO public.profiles (id, full_name, username, avatar_url, style_dna, city, country, is_public) VALUES ('e71ae45f-f85d-4a0b-9c16-d0647168304f', 'Efe Yılmaz', 'efe_yilmaz', 'https://i.pravatar.cc/150?u=64', '{"vibe": "Oturaklı"}'::jsonb, 'Izmir', 'Turkey', true);
INSERT INTO public.analyses (id, user_id, image_url, type, aura_score, vibe, reasoning, strengths, improvements) VALUES ('f451278c-1f2f-4c05-aa1a-079aed0a49f5', 'e71ae45f-f85d-4a0b-9c16-d0647168304f', 'https://images.unsplash.com/photo-1503342217505-b0a15ec3261c?auto=format&fit=crop&w=800&h=1200&q=80', 'OUTFIT', 72, 'Oturaklı', 'Katmanlı giyim harika olmuş, modern bir hava katıyor.', '["Uyumlu Renkler"]'::jsonb, '["Belki farklı bir kemer"]'::jsonb);
INSERT INTO public.community_posts (id, user_id, analysis_id, category, total_score, vote_count) VALUES ('09780087-286c-48fe-8452-0398d65331d2', 'e71ae45f-f85d-4a0b-9c16-d0647168304f', 'f451278c-1f2f-4c05-aa1a-079aed0a49f5', 'formal', 105, 15);

INSERT INTO auth.users (id, instance_id, aud, role, email, encrypted_password, email_confirmed_at, raw_user_meta_data, created_at, updated_at) VALUES ('d34e6f78-0a59-4d71-a97b-e7b4e22f9c10', '00000000-0000-0000-0000-000000000000', 'authenticated', 'authenticated', 'testuser65@mirr.app', '$2a$10$abcdefghijklmnopqrstuv', now(), '{"full_name": "Deniz Arslan"}', now(), now());
INSERT INTO public.profiles (id, full_name, username, avatar_url, style_dna, city, country, is_public) VALUES ('d34e6f78-0a59-4d71-a97b-e7b4e22f9c10', 'Deniz Arslan', 'deniz_arslan', 'https://i.pravatar.cc/150?u=65', '{"vibe": "Techwear"}'::jsonb, 'Antalya', 'Turkey', true);
INSERT INTO public.analyses (id, user_id, image_url, type, aura_score, vibe, reasoning, strengths, improvements) VALUES ('c2895515-564d-4651-95f0-8a15c70a4dca', 'd34e6f78-0a59-4d71-a97b-e7b4e22f9c10', 'https://images.unsplash.com/photo-1488161628813-0aa45bd72765?auto=format&fit=crop&w=800&h=1200&q=80', 'OUTFIT', 85, 'Techwear', 'Katmanlı giyim harika olmuş, modern bir hava katıyor.', '["Uyumlu Renkler"]'::jsonb, '["Belki farklı bir kemer"]'::jsonb);
INSERT INTO public.community_posts (id, user_id, analysis_id, category, total_score, vote_count) VALUES ('19d70138-50c8-4042-a265-239e27704343', 'd34e6f78-0a59-4d71-a97b-e7b4e22f9c10', 'c2895515-564d-4651-95f0-8a15c70a4dca', 'streetwear', 14, 2);

INSERT INTO auth.users (id, instance_id, aud, role, email, encrypted_password, email_confirmed_at, raw_user_meta_data, created_at, updated_at) VALUES ('d3ef4ee1-9a8f-4b8c-afd9-cf96172819cf', '00000000-0000-0000-0000-000000000000', 'authenticated', 'authenticated', 'testuser66@mirr.app', '$2a$10$abcdefghijklmnopqrstuv', now(), '{"full_name": "Seda Kaya"}', now(), now());
INSERT INTO public.profiles (id, full_name, username, avatar_url, style_dna, city, country, is_public) VALUES ('d3ef4ee1-9a8f-4b8c-afd9-cf96172819cf', 'Seda Kaya', 'seda_kaya', 'https://i.pravatar.cc/150?u=66', '{"vibe": "Y2K"}'::jsonb, 'Antalya', 'Turkey', true);
INSERT INTO public.analyses (id, user_id, image_url, type, aura_score, vibe, reasoning, strengths, improvements) VALUES ('17d6067f-c90d-4391-9e1b-3e7894b0187e', 'd3ef4ee1-9a8f-4b8c-afd9-cf96172819cf', 'https://images.unsplash.com/photo-1483985988355-763728e1935b?auto=format&fit=crop&w=800&h=1200&q=80', 'OUTFIT', 82, 'Y2K', 'Aksesuarlar kombini bir üst seviyeye taşımış.', '["Uyumlu Renkler"]'::jsonb, '["Belki farklı bir kemer"]'::jsonb);
INSERT INTO public.community_posts (id, user_id, analysis_id, category, total_score, vote_count) VALUES ('82bf25fa-0bf3-4a59-bb54-721ea836d4c8', 'd3ef4ee1-9a8f-4b8c-afd9-cf96172819cf', '17d6067f-c90d-4391-9e1b-3e7894b0187e', 'date_night', 126, 14);

INSERT INTO auth.users (id, instance_id, aud, role, email, encrypted_password, email_confirmed_at, raw_user_meta_data, created_at, updated_at) VALUES ('a5c688b7-c5db-4074-b88a-5c8699d53951', '00000000-0000-0000-0000-000000000000', 'authenticated', 'authenticated', 'testuser67@mirr.app', '$2a$10$abcdefghijklmnopqrstuv', now(), '{"full_name": "Ayşe Çelik"}', now(), now());
INSERT INTO public.profiles (id, full_name, username, avatar_url, style_dna, city, country, is_public) VALUES ('a5c688b7-c5db-4074-b88a-5c8699d53951', 'Ayşe Çelik', 'ayse_celik', 'https://i.pravatar.cc/150?u=67', '{"vibe": "Classic"}'::jsonb, 'Istanbul', 'Turkey', true);
INSERT INTO public.analyses (id, user_id, image_url, type, aura_score, vibe, reasoning, strengths, improvements) VALUES ('59f5f108-af14-48d3-a2e6-02572c7facca', 'a5c688b7-c5db-4074-b88a-5c8699d53951', 'https://images.unsplash.com/photo-1529139574466-a30ab73d321d?auto=format&fit=crop&w=800&h=1200&q=80', 'OUTFIT', 78, 'Classic', 'Baştan aşağı özgüven yansıtıyor.', '["Uyumlu Renkler"]'::jsonb, '["Belki farklı bir kemer"]'::jsonb);
INSERT INTO public.community_posts (id, user_id, analysis_id, category, total_score, vote_count) VALUES ('f046adff-e117-4283-86d1-a84632c5ec67', 'a5c688b7-c5db-4074-b88a-5c8699d53951', '59f5f108-af14-48d3-a2e6-02572c7facca', 'casual', 72, 12);

INSERT INTO auth.users (id, instance_id, aud, role, email, encrypted_password, email_confirmed_at, raw_user_meta_data, created_at, updated_at) VALUES ('28bda233-16d0-412c-8d62-38807f8fca93', '00000000-0000-0000-0000-000000000000', 'authenticated', 'authenticated', 'testuser68@mirr.app', '$2a$10$abcdefghijklmnopqrstuv', now(), '{"full_name": "Melis Öztürk"}', now(), now());
INSERT INTO public.profiles (id, full_name, username, avatar_url, style_dna, city, country, is_public) VALUES ('28bda233-16d0-412c-8d62-38807f8fca93', 'Melis Öztürk', 'melis_ozturk', 'https://i.pravatar.cc/150?u=68', '{"vibe": "Streetwear"}'::jsonb, 'Ankara', 'Turkey', true);
INSERT INTO public.analyses (id, user_id, image_url, type, aura_score, vibe, reasoning, strengths, improvements) VALUES ('870f092a-5612-4714-a3d1-1d0444969f61', '28bda233-16d0-412c-8d62-38807f8fca93', 'https://images.unsplash.com/photo-1529139574466-a30ab73d321d?auto=format&fit=crop&w=800&h=1200&q=80', 'OUTFIT', 88, 'Streetwear', 'Rahatlık ve şıklık mükemmel dengelenmiş.', '["Uyumlu Renkler"]'::jsonb, '["Belki farklı bir kemer"]'::jsonb);
INSERT INTO public.community_posts (id, user_id, analysis_id, category, total_score, vote_count) VALUES ('ba7b6a07-2c12-47e3-91a3-83289d16b37c', '28bda233-16d0-412c-8d62-38807f8fca93', '870f092a-5612-4714-a3d1-1d0444969f61', 'date_night', 12, 2);

INSERT INTO auth.users (id, instance_id, aud, role, email, encrypted_password, email_confirmed_at, raw_user_meta_data, created_at, updated_at) VALUES ('9a227866-0004-4aa4-84da-c37c76007faa', '00000000-0000-0000-0000-000000000000', 'authenticated', 'authenticated', 'testuser69@mirr.app', '$2a$10$abcdefghijklmnopqrstuv', now(), '{"full_name": "Merve Özdemir"}', now(), now());
INSERT INTO public.profiles (id, full_name, username, avatar_url, style_dna, city, country, is_public) VALUES ('9a227866-0004-4aa4-84da-c37c76007faa', 'Merve Özdemir', 'merve_ozdemir2', 'https://i.pravatar.cc/150?u=69', '{"vibe": "Oturaklı"}'::jsonb, 'Ankara', 'Turkey', true);
INSERT INTO public.analyses (id, user_id, image_url, type, aura_score, vibe, reasoning, strengths, improvements) VALUES ('11890966-c390-4e0c-8d9c-fa5300670bc6', '9a227866-0004-4aa4-84da-c37c76007faa', 'https://images.unsplash.com/photo-1512436991641-70c1bcaa1977?auto=format&fit=crop&w=800&h=1200&q=80', 'OUTFIT', 72, 'Oturaklı', 'Rahatlık ve şıklık mükemmel dengelenmiş.', '["Uyumlu Renkler"]'::jsonb, '["Belki farklı bir kemer"]'::jsonb);
INSERT INTO public.community_posts (id, user_id, analysis_id, category, total_score, vote_count) VALUES ('8e0fd88d-8587-47b6-aff6-44b41f1af35d', '9a227866-0004-4aa4-84da-c37c76007faa', '11890966-c390-4e0c-8d9c-fa5300670bc6', 'formal', 63, 9);

INSERT INTO auth.users (id, instance_id, aud, role, email, encrypted_password, email_confirmed_at, raw_user_meta_data, created_at, updated_at) VALUES ('6fb0d632-3e77-4eaf-b644-ab964f1fac13', '00000000-0000-0000-0000-000000000000', 'authenticated', 'authenticated', 'testuser70@mirr.app', '$2a$10$abcdefghijklmnopqrstuv', now(), '{"full_name": "Fatma Şahin"}', now(), now());
INSERT INTO public.profiles (id, full_name, username, avatar_url, style_dna, city, country, is_public) VALUES ('6fb0d632-3e77-4eaf-b644-ab964f1fac13', 'Fatma Şahin', 'fatma_sahin', 'https://i.pravatar.cc/150?u=70', '{"vibe": "Minimalist"}'::jsonb, 'Izmir', 'Turkey', true);
INSERT INTO public.analyses (id, user_id, image_url, type, aura_score, vibe, reasoning, strengths, improvements) VALUES ('536292e9-d9a9-4d86-899d-26c195e62172', '6fb0d632-3e77-4eaf-b644-ab964f1fac13', 'https://images.unsplash.com/photo-1483985988355-763728e1935b?auto=format&fit=crop&w=800&h=1200&q=80', 'OUTFIT', 75, 'Minimalist', 'Baştan aşağı özgüven yansıtıyor.', '["Uyumlu Renkler"]'::jsonb, '["Belki farklı bir kemer"]'::jsonb);
INSERT INTO public.community_posts (id, user_id, analysis_id, category, total_score, vote_count) VALUES ('eac07c43-2899-4123-80fc-74a4acbe644b', '6fb0d632-3e77-4eaf-b644-ab964f1fac13', '536292e9-d9a9-4d86-899d-26c195e62172', 'date_night', 18, 2);

INSERT INTO auth.users (id, instance_id, aud, role, email, encrypted_password, email_confirmed_at, raw_user_meta_data, created_at, updated_at) VALUES ('a4caf60a-8a64-412e-afc6-9936f8f1211f', '00000000-0000-0000-0000-000000000000', 'authenticated', 'authenticated', 'testuser71@mirr.app', '$2a$10$abcdefghijklmnopqrstuv', now(), '{"full_name": "Ceren Kaya"}', now(), now());
INSERT INTO public.profiles (id, full_name, username, avatar_url, style_dna, city, country, is_public) VALUES ('a4caf60a-8a64-412e-afc6-9936f8f1211f', 'Ceren Kaya', 'ceren_kaya', 'https://i.pravatar.cc/150?u=71', '{"vibe": "Y2K"}'::jsonb, 'Izmir', 'Turkey', true);
INSERT INTO public.analyses (id, user_id, image_url, type, aura_score, vibe, reasoning, strengths, improvements) VALUES ('3a69a76e-49d9-4a60-8393-657531383f32', 'a4caf60a-8a64-412e-afc6-9936f8f1211f', 'https://images.unsplash.com/photo-1492633423870-43d1cd2a4b07?auto=format&fit=crop&w=800&h=1200&q=80', 'OUTFIT', 95, 'Y2K', 'Katmanlı giyim harika olmuş, modern bir hava katıyor.', '["Uyumlu Renkler"]'::jsonb, '["Belki farklı bir kemer"]'::jsonb);
INSERT INTO public.community_posts (id, user_id, analysis_id, category, total_score, vote_count) VALUES ('1dec7769-771e-4f8c-88b0-231bebe78caa', 'a4caf60a-8a64-412e-afc6-9936f8f1211f', '3a69a76e-49d9-4a60-8393-657531383f32', 'formal', 35, 5);

INSERT INTO auth.users (id, instance_id, aud, role, email, encrypted_password, email_confirmed_at, raw_user_meta_data, created_at, updated_at) VALUES ('885dbb20-15cd-4ca3-a1b9-df0d41d56983', '00000000-0000-0000-0000-000000000000', 'authenticated', 'authenticated', 'testuser72@mirr.app', '$2a$10$abcdefghijklmnopqrstuv', now(), '{"full_name": "Kaan Öztürk"}', now(), now());
INSERT INTO public.profiles (id, full_name, username, avatar_url, style_dna, city, country, is_public) VALUES ('885dbb20-15cd-4ca3-a1b9-df0d41d56983', 'Kaan Öztürk', 'kaan_ozturk2', 'https://i.pravatar.cc/150?u=72', '{"vibe": "Old Money"}'::jsonb, 'Ankara', 'Turkey', true);
INSERT INTO public.analyses (id, user_id, image_url, type, aura_score, vibe, reasoning, strengths, improvements) VALUES ('51f38cdc-de4d-4fa5-8043-d7c586f450f9', '885dbb20-15cd-4ca3-a1b9-df0d41d56983', 'https://images.unsplash.com/photo-1488161628813-0aa45bd72765?auto=format&fit=crop&w=800&h=1200&q=80', 'OUTFIT', 99, 'Old Money', 'Katmanlı giyim harika olmuş, modern bir hava katıyor.', '["Uyumlu Renkler"]'::jsonb, '["Belki farklı bir kemer"]'::jsonb);
INSERT INTO public.community_posts (id, user_id, analysis_id, category, total_score, vote_count) VALUES ('216c0df8-427d-4c23-9454-f0de1d7874ea', '885dbb20-15cd-4ca3-a1b9-df0d41d56983', '51f38cdc-de4d-4fa5-8043-d7c586f450f9', 'casual', 120, 15);

INSERT INTO auth.users (id, instance_id, aud, role, email, encrypted_password, email_confirmed_at, raw_user_meta_data, created_at, updated_at) VALUES ('72c883a6-79b9-4eec-b333-f82fc2fafcb3', '00000000-0000-0000-0000-000000000000', 'authenticated', 'authenticated', 'testuser73@mirr.app', '$2a$10$abcdefghijklmnopqrstuv', now(), '{"full_name": "Kaan Çelik"}', now(), now());
INSERT INTO public.profiles (id, full_name, username, avatar_url, style_dna, city, country, is_public) VALUES ('72c883a6-79b9-4eec-b333-f82fc2fafcb3', 'Kaan Çelik', 'kaan_celik', 'https://i.pravatar.cc/150?u=73', '{"vibe": "Avant-Garde"}'::jsonb, 'Antalya', 'Turkey', true);
INSERT INTO public.analyses (id, user_id, image_url, type, aura_score, vibe, reasoning, strengths, improvements) VALUES ('1a6236f6-3e09-41bd-bac4-7a63ff070165', '72c883a6-79b9-4eec-b333-f82fc2fafcb3', 'https://images.unsplash.com/photo-1492562080023-ab3db95bfbce?auto=format&fit=crop&w=800&h=1200&q=80', 'OUTFIT', 97, 'Avant-Garde', 'Baştan aşağı özgüven yansıtıyor.', '["Uyumlu Renkler"]'::jsonb, '["Belki farklı bir kemer"]'::jsonb);
INSERT INTO public.community_posts (id, user_id, analysis_id, category, total_score, vote_count) VALUES ('5cb6c6b7-56f3-469a-ae2c-b15e2cb9a9a1', '72c883a6-79b9-4eec-b333-f82fc2fafcb3', '1a6236f6-3e09-41bd-bac4-7a63ff070165', 'streetwear', 40, 5);

INSERT INTO auth.users (id, instance_id, aud, role, email, encrypted_password, email_confirmed_at, raw_user_meta_data, created_at, updated_at) VALUES ('aaa0e156-2215-4b63-8956-71f6503786d7', '00000000-0000-0000-0000-000000000000', 'authenticated', 'authenticated', 'testuser74@mirr.app', '$2a$10$abcdefghijklmnopqrstuv', now(), '{"full_name": "Ece Özdemir"}', now(), now());
INSERT INTO public.profiles (id, full_name, username, avatar_url, style_dna, city, country, is_public) VALUES ('aaa0e156-2215-4b63-8956-71f6503786d7', 'Ece Özdemir', 'ece_ozdemir', 'https://i.pravatar.cc/150?u=74', '{"vibe": "Oturaklı"}'::jsonb, 'Antalya', 'Turkey', true);
INSERT INTO public.analyses (id, user_id, image_url, type, aura_score, vibe, reasoning, strengths, improvements) VALUES ('e4965839-37f0-4b6c-8f7c-7ef6dacf88a2', 'aaa0e156-2215-4b63-8956-71f6503786d7', 'https://images.unsplash.com/photo-1512436991641-70c1bcaa1977?auto=format&fit=crop&w=800&h=1200&q=80', 'OUTFIT', 98, 'Oturaklı', 'Baştan aşağı özgüven yansıtıyor.', '["Uyumlu Renkler"]'::jsonb, '["Belki farklı bir kemer"]'::jsonb);
INSERT INTO public.community_posts (id, user_id, analysis_id, category, total_score, vote_count) VALUES ('7938f22c-2946-4866-b226-c34d2d8e519f', 'aaa0e156-2215-4b63-8956-71f6503786d7', 'e4965839-37f0-4b6c-8f7c-7ef6dacf88a2', 'date_night', 90, 10);

INSERT INTO auth.users (id, instance_id, aud, role, email, encrypted_password, email_confirmed_at, raw_user_meta_data, created_at, updated_at) VALUES ('e02be2d6-a956-44c6-a3d2-615d433f93a4', '00000000-0000-0000-0000-000000000000', 'authenticated', 'authenticated', 'testuser75@mirr.app', '$2a$10$abcdefghijklmnopqrstuv', now(), '{"full_name": "Elif Yılmaz"}', now(), now());
INSERT INTO public.profiles (id, full_name, username, avatar_url, style_dna, city, country, is_public) VALUES ('e02be2d6-a956-44c6-a3d2-615d433f93a4', 'Elif Yılmaz', 'elif_yilmaz', 'https://i.pravatar.cc/150?u=75', '{"vibe": "Minimalist"}'::jsonb, 'Bursa', 'Turkey', true);
INSERT INTO public.analyses (id, user_id, image_url, type, aura_score, vibe, reasoning, strengths, improvements) VALUES ('c8b4b71f-b9aa-4fb8-b09e-541be377e84f', 'e02be2d6-a956-44c6-a3d2-615d433f93a4', 'https://images.unsplash.com/photo-1512436991641-70c1bcaa1977?auto=format&fit=crop&w=800&h=1200&q=80', 'OUTFIT', 71, 'Minimalist', 'Aksesuarlar kombini bir üst seviyeye taşımış.', '["Uyumlu Renkler"]'::jsonb, '["Belki farklı bir kemer"]'::jsonb);
INSERT INTO public.community_posts (id, user_id, analysis_id, category, total_score, vote_count) VALUES ('7b907ed3-2c9b-4676-b342-58837d76e122', 'e02be2d6-a956-44c6-a3d2-615d433f93a4', 'c8b4b71f-b9aa-4fb8-b09e-541be377e84f', 'formal', 81, 9);

INSERT INTO auth.users (id, instance_id, aud, role, email, encrypted_password, email_confirmed_at, raw_user_meta_data, created_at, updated_at) VALUES ('e5bf1ec3-bd96-4f69-808b-de43924e44b8', '00000000-0000-0000-0000-000000000000', 'authenticated', 'authenticated', 'testuser76@mirr.app', '$2a$10$abcdefghijklmnopqrstuv', now(), '{"full_name": "Mert Aydın"}', now(), now());
INSERT INTO public.profiles (id, full_name, username, avatar_url, style_dna, city, country, is_public) VALUES ('e5bf1ec3-bd96-4f69-808b-de43924e44b8', 'Mert Aydın', 'mert_aydin2', 'https://i.pravatar.cc/150?u=76', '{"vibe": "Y2K"}'::jsonb, 'Bursa', 'Turkey', true);
INSERT INTO public.analyses (id, user_id, image_url, type, aura_score, vibe, reasoning, strengths, improvements) VALUES ('3fa573c5-bb62-4c47-a848-14c4b2ae586e', 'e5bf1ec3-bd96-4f69-808b-de43924e44b8', 'https://images.unsplash.com/photo-1534528741775-53994a69daeb?auto=format&fit=crop&w=800&h=1200&q=80', 'OUTFIT', 70, 'Y2K', 'Katmanlı giyim harika olmuş, modern bir hava katıyor.', '["Uyumlu Renkler"]'::jsonb, '["Belki farklı bir kemer"]'::jsonb);
INSERT INTO public.community_posts (id, user_id, analysis_id, category, total_score, vote_count) VALUES ('db1cf7c1-a056-4c37-b529-694d31a6cc5e', 'e5bf1ec3-bd96-4f69-808b-de43924e44b8', '3fa573c5-bb62-4c47-a848-14c4b2ae586e', 'formal', 48, 6);

INSERT INTO auth.users (id, instance_id, aud, role, email, encrypted_password, email_confirmed_at, raw_user_meta_data, created_at, updated_at) VALUES ('899bd7b0-b375-41df-8382-5b6f7ded4630', '00000000-0000-0000-0000-000000000000', 'authenticated', 'authenticated', 'testuser77@mirr.app', '$2a$10$abcdefghijklmnopqrstuv', now(), '{"full_name": "Büşra Aydın"}', now(), now());
INSERT INTO public.profiles (id, full_name, username, avatar_url, style_dna, city, country, is_public) VALUES ('899bd7b0-b375-41df-8382-5b6f7ded4630', 'Büşra Aydın', 'busra_aydin', 'https://i.pravatar.cc/150?u=77', '{"vibe": "Classic"}'::jsonb, 'Ankara', 'Turkey', true);
INSERT INTO public.analyses (id, user_id, image_url, type, aura_score, vibe, reasoning, strengths, improvements) VALUES ('0672b55b-2b46-444e-9135-e4b066476b3d', '899bd7b0-b375-41df-8382-5b6f7ded4630', 'https://images.unsplash.com/photo-1492633423870-43d1cd2a4b07?auto=format&fit=crop&w=800&h=1200&q=80', 'OUTFIT', 78, 'Classic', 'Katmanlı giyim harika olmuş, modern bir hava katıyor.', '["Uyumlu Renkler"]'::jsonb, '["Belki farklı bir kemer"]'::jsonb);
INSERT INTO public.community_posts (id, user_id, analysis_id, category, total_score, vote_count) VALUES ('56d6cc7d-51a2-478a-b42a-5aa2f85adae3', '899bd7b0-b375-41df-8382-5b6f7ded4630', '0672b55b-2b46-444e-9135-e4b066476b3d', 'casual', 42, 7);

INSERT INTO auth.users (id, instance_id, aud, role, email, encrypted_password, email_confirmed_at, raw_user_meta_data, created_at, updated_at) VALUES ('a96e1c79-7106-4284-bced-3344939aee86', '00000000-0000-0000-0000-000000000000', 'authenticated', 'authenticated', 'testuser78@mirr.app', '$2a$10$abcdefghijklmnopqrstuv', now(), '{"full_name": "Merve Demir"}', now(), now());
INSERT INTO public.profiles (id, full_name, username, avatar_url, style_dna, city, country, is_public) VALUES ('a96e1c79-7106-4284-bced-3344939aee86', 'Merve Demir', 'merve_demir', 'https://i.pravatar.cc/150?u=78', '{"vibe": "Avant-Garde"}'::jsonb, 'Ankara', 'Turkey', true);
INSERT INTO public.analyses (id, user_id, image_url, type, aura_score, vibe, reasoning, strengths, improvements) VALUES ('b96327f4-1c7a-4680-b4df-cbfbee45cfb8', 'a96e1c79-7106-4284-bced-3344939aee86', 'https://images.unsplash.com/photo-1512436991641-70c1bcaa1977?auto=format&fit=crop&w=800&h=1200&q=80', 'OUTFIT', 95, 'Avant-Garde', 'Baştan aşağı özgüven yansıtıyor.', '["Uyumlu Renkler"]'::jsonb, '["Belki farklı bir kemer"]'::jsonb);
INSERT INTO public.community_posts (id, user_id, analysis_id, category, total_score, vote_count) VALUES ('a5ffa81b-4125-43f6-9fda-ff1041cc569a', 'a96e1c79-7106-4284-bced-3344939aee86', 'b96327f4-1c7a-4680-b4df-cbfbee45cfb8', 'casual', 18, 2);

INSERT INTO auth.users (id, instance_id, aud, role, email, encrypted_password, email_confirmed_at, raw_user_meta_data, created_at, updated_at) VALUES ('1d21a23e-7ec7-4021-8fd2-2b99017e7bbf', '00000000-0000-0000-0000-000000000000', 'authenticated', 'authenticated', 'testuser79@mirr.app', '$2a$10$abcdefghijklmnopqrstuv', now(), '{"full_name": "Kerem Çelik"}', now(), now());
INSERT INTO public.profiles (id, full_name, username, avatar_url, style_dna, city, country, is_public) VALUES ('1d21a23e-7ec7-4021-8fd2-2b99017e7bbf', 'Kerem Çelik', 'kerem_celik', 'https://i.pravatar.cc/150?u=79', '{"vibe": "Techwear"}'::jsonb, 'Ankara', 'Turkey', true);
INSERT INTO public.analyses (id, user_id, image_url, type, aura_score, vibe, reasoning, strengths, improvements) VALUES ('c32f0817-d68e-4c4f-8dec-428fa96ece54', '1d21a23e-7ec7-4021-8fd2-2b99017e7bbf', 'https://images.unsplash.com/photo-1503341504253-dff4815485f1?auto=format&fit=crop&w=800&h=1200&q=80', 'OUTFIT', 85, 'Techwear', 'Baştan aşağı özgüven yansıtıyor.', '["Uyumlu Renkler"]'::jsonb, '["Belki farklı bir kemer"]'::jsonb);
INSERT INTO public.community_posts (id, user_id, analysis_id, category, total_score, vote_count) VALUES ('30cbf4d6-1517-4cf1-8eff-cfc397a22210', '1d21a23e-7ec7-4021-8fd2-2b99017e7bbf', 'c32f0817-d68e-4c4f-8dec-428fa96ece54', 'casual', 72, 9);

INSERT INTO auth.users (id, instance_id, aud, role, email, encrypted_password, email_confirmed_at, raw_user_meta_data, created_at, updated_at) VALUES ('d641dba1-8627-49df-971e-858cb7b54aad', '00000000-0000-0000-0000-000000000000', 'authenticated', 'authenticated', 'testuser80@mirr.app', '$2a$10$abcdefghijklmnopqrstuv', now(), '{"full_name": "Zeynep Özdemir"}', now(), now());
INSERT INTO public.profiles (id, full_name, username, avatar_url, style_dna, city, country, is_public) VALUES ('d641dba1-8627-49df-971e-858cb7b54aad', 'Zeynep Özdemir', 'zeynep_ozdemir', 'https://i.pravatar.cc/150?u=80', '{"vibe": "Minimalist"}'::jsonb, 'Antalya', 'Turkey', true);
INSERT INTO public.analyses (id, user_id, image_url, type, aura_score, vibe, reasoning, strengths, improvements) VALUES ('82c89819-9b64-45e6-bd36-4888e10fb188', 'd641dba1-8627-49df-971e-858cb7b54aad', 'https://images.unsplash.com/photo-1512436991641-70c1bcaa1977?auto=format&fit=crop&w=800&h=1200&q=80', 'OUTFIT', 81, 'Minimalist', 'Renklerin uyumu muazzam, tam bir klasik.', '["Uyumlu Renkler"]'::jsonb, '["Belki farklı bir kemer"]'::jsonb);
INSERT INTO public.community_posts (id, user_id, analysis_id, category, total_score, vote_count) VALUES ('911db15b-1f54-4342-aaed-15142f23aa5b', 'd641dba1-8627-49df-971e-858cb7b54aad', '82c89819-9b64-45e6-bd36-4888e10fb188', 'casual', 8, 1);

INSERT INTO auth.users (id, instance_id, aud, role, email, encrypted_password, email_confirmed_at, raw_user_meta_data, created_at, updated_at) VALUES ('912e4678-d489-4002-aad9-59e6e6eb6514', '00000000-0000-0000-0000-000000000000', 'authenticated', 'authenticated', 'testuser81@mirr.app', '$2a$10$abcdefghijklmnopqrstuv', now(), '{"full_name": "Melis Özdemir"}', now(), now());
INSERT INTO public.profiles (id, full_name, username, avatar_url, style_dna, city, country, is_public) VALUES ('912e4678-d489-4002-aad9-59e6e6eb6514', 'Melis Özdemir', 'melis_ozdemir', 'https://i.pravatar.cc/150?u=81', '{"vibe": "Techwear"}'::jsonb, 'Bursa', 'Turkey', true);
INSERT INTO public.analyses (id, user_id, image_url, type, aura_score, vibe, reasoning, strengths, improvements) VALUES ('a4323f9b-8aed-46fa-9cc0-f0c533d02966', '912e4678-d489-4002-aad9-59e6e6eb6514', 'https://images.unsplash.com/photo-1483985988355-763728e1935b?auto=format&fit=crop&w=800&h=1200&q=80', 'OUTFIT', 83, 'Techwear', 'Baştan aşağı özgüven yansıtıyor.', '["Uyumlu Renkler"]'::jsonb, '["Belki farklı bir kemer"]'::jsonb);
INSERT INTO public.community_posts (id, user_id, analysis_id, category, total_score, vote_count) VALUES ('19be5eae-2397-4fc2-b61d-8571e4ce58ee', '912e4678-d489-4002-aad9-59e6e6eb6514', 'a4323f9b-8aed-46fa-9cc0-f0c533d02966', 'streetwear', 84, 12);

INSERT INTO auth.users (id, instance_id, aud, role, email, encrypted_password, email_confirmed_at, raw_user_meta_data, created_at, updated_at) VALUES ('b4361f59-4f46-4175-a8cc-90c69e0d0335', '00000000-0000-0000-0000-000000000000', 'authenticated', 'authenticated', 'testuser82@mirr.app', '$2a$10$abcdefghijklmnopqrstuv', now(), '{"full_name": "Ceren Öztürk"}', now(), now());
INSERT INTO public.profiles (id, full_name, username, avatar_url, style_dna, city, country, is_public) VALUES ('b4361f59-4f46-4175-a8cc-90c69e0d0335', 'Ceren Öztürk', 'ceren_ozturk', 'https://i.pravatar.cc/150?u=82', '{"vibe": "Streetwear"}'::jsonb, 'Izmir', 'Turkey', true);
INSERT INTO public.analyses (id, user_id, image_url, type, aura_score, vibe, reasoning, strengths, improvements) VALUES ('188a686a-37a8-458b-9a49-c864155fd725', 'b4361f59-4f46-4175-a8cc-90c69e0d0335', 'https://images.unsplash.com/photo-1512436991641-70c1bcaa1977?auto=format&fit=crop&w=800&h=1200&q=80', 'OUTFIT', 91, 'Streetwear', 'Aksesuarlar kombini bir üst seviyeye taşımış.', '["Uyumlu Renkler"]'::jsonb, '["Belki farklı bir kemer"]'::jsonb);
INSERT INTO public.community_posts (id, user_id, analysis_id, category, total_score, vote_count) VALUES ('3f1bd118-2781-4d53-8d96-76651eab2828', 'b4361f59-4f46-4175-a8cc-90c69e0d0335', '188a686a-37a8-458b-9a49-c864155fd725', 'date_night', 6, 1);

INSERT INTO auth.users (id, instance_id, aud, role, email, encrypted_password, email_confirmed_at, raw_user_meta_data, created_at, updated_at) VALUES ('05a5d2d1-106d-42ec-a469-c97f6f966dbd', '00000000-0000-0000-0000-000000000000', 'authenticated', 'authenticated', 'testuser83@mirr.app', '$2a$10$abcdefghijklmnopqrstuv', now(), '{"full_name": "Elif Yıldız"}', now(), now());
INSERT INTO public.profiles (id, full_name, username, avatar_url, style_dna, city, country, is_public) VALUES ('05a5d2d1-106d-42ec-a469-c97f6f966dbd', 'Elif Yıldız', 'elif_yildiz', 'https://i.pravatar.cc/150?u=83', '{"vibe": "Avant-Garde"}'::jsonb, 'Ankara', 'Turkey', true);
INSERT INTO public.analyses (id, user_id, image_url, type, aura_score, vibe, reasoning, strengths, improvements) VALUES ('ab7f6dd5-19ba-4157-b8e8-d6233c281c57', '05a5d2d1-106d-42ec-a469-c97f6f966dbd', 'https://images.unsplash.com/photo-1492633423870-43d1cd2a4b07?auto=format&fit=crop&w=800&h=1200&q=80', 'OUTFIT', 98, 'Avant-Garde', 'Katmanlı giyim harika olmuş, modern bir hava katıyor.', '["Uyumlu Renkler"]'::jsonb, '["Belki farklı bir kemer"]'::jsonb);
INSERT INTO public.community_posts (id, user_id, analysis_id, category, total_score, vote_count) VALUES ('97a68792-1355-47c1-ac78-d180fdc4aaf6', '05a5d2d1-106d-42ec-a469-c97f6f966dbd', 'ab7f6dd5-19ba-4157-b8e8-d6233c281c57', 'formal', 72, 8);

INSERT INTO auth.users (id, instance_id, aud, role, email, encrypted_password, email_confirmed_at, raw_user_meta_data, created_at, updated_at) VALUES ('de8d1143-69c1-47e6-91a7-6202e05690df', '00000000-0000-0000-0000-000000000000', 'authenticated', 'authenticated', 'testuser84@mirr.app', '$2a$10$abcdefghijklmnopqrstuv', now(), '{"full_name": "Kerem Demir"}', now(), now());
INSERT INTO public.profiles (id, full_name, username, avatar_url, style_dna, city, country, is_public) VALUES ('de8d1143-69c1-47e6-91a7-6202e05690df', 'Kerem Demir', 'kerem_demir', 'https://i.pravatar.cc/150?u=84', '{"vibe": "Streetwear"}'::jsonb, 'Ankara', 'Turkey', true);
INSERT INTO public.analyses (id, user_id, image_url, type, aura_score, vibe, reasoning, strengths, improvements) VALUES ('309228db-6216-44ab-8451-8f7e9700c6cc', 'de8d1143-69c1-47e6-91a7-6202e05690df', 'https://images.unsplash.com/photo-1503342217505-b0a15ec3261c?auto=format&fit=crop&w=800&h=1200&q=80', 'OUTFIT', 90, 'Streetwear', 'Renklerin uyumu muazzam, tam bir klasik.', '["Uyumlu Renkler"]'::jsonb, '["Belki farklı bir kemer"]'::jsonb);
INSERT INTO public.community_posts (id, user_id, analysis_id, category, total_score, vote_count) VALUES ('7f5d58c8-7229-43a2-9c3e-d7fdceb478af', 'de8d1143-69c1-47e6-91a7-6202e05690df', '309228db-6216-44ab-8451-8f7e9700c6cc', 'date_night', 40, 5);

INSERT INTO auth.users (id, instance_id, aud, role, email, encrypted_password, email_confirmed_at, raw_user_meta_data, created_at, updated_at) VALUES ('b663c3c6-be7b-4fc5-8711-8afa29339a94', '00000000-0000-0000-0000-000000000000', 'authenticated', 'authenticated', 'testuser85@mirr.app', '$2a$10$abcdefghijklmnopqrstuv', now(), '{"full_name": "Zeynep Şahin"}', now(), now());
INSERT INTO public.profiles (id, full_name, username, avatar_url, style_dna, city, country, is_public) VALUES ('b663c3c6-be7b-4fc5-8711-8afa29339a94', 'Zeynep Şahin', 'zeynep_sahin', 'https://i.pravatar.cc/150?u=85', '{"vibe": "Y2K"}'::jsonb, 'Izmir', 'Turkey', true);
INSERT INTO public.analyses (id, user_id, image_url, type, aura_score, vibe, reasoning, strengths, improvements) VALUES ('a5bdbc97-7cac-43f5-8658-12bfd025b16c', 'b663c3c6-be7b-4fc5-8711-8afa29339a94', 'https://images.unsplash.com/photo-1512436991641-70c1bcaa1977?auto=format&fit=crop&w=800&h=1200&q=80', 'OUTFIT', 82, 'Y2K', 'Rahatlık ve şıklık mükemmel dengelenmiş.', '["Uyumlu Renkler"]'::jsonb, '["Belki farklı bir kemer"]'::jsonb);
INSERT INTO public.community_posts (id, user_id, analysis_id, category, total_score, vote_count) VALUES ('2f122867-4f00-4ecf-96ef-ba258e53d3e4', 'b663c3c6-be7b-4fc5-8711-8afa29339a94', 'a5bdbc97-7cac-43f5-8658-12bfd025b16c', 'formal', 88, 11);

INSERT INTO auth.users (id, instance_id, aud, role, email, encrypted_password, email_confirmed_at, raw_user_meta_data, created_at, updated_at) VALUES ('ab037cda-eaef-44e3-835d-65692d6baa53', '00000000-0000-0000-0000-000000000000', 'authenticated', 'authenticated', 'testuser86@mirr.app', '$2a$10$abcdefghijklmnopqrstuv', now(), '{"full_name": "Kerem Öztürk"}', now(), now());
INSERT INTO public.profiles (id, full_name, username, avatar_url, style_dna, city, country, is_public) VALUES ('ab037cda-eaef-44e3-835d-65692d6baa53', 'Kerem Öztürk', 'kerem_ozturk', 'https://i.pravatar.cc/150?u=86', '{"vibe": "Old Money"}'::jsonb, 'Izmir', 'Turkey', true);
INSERT INTO public.analyses (id, user_id, image_url, type, aura_score, vibe, reasoning, strengths, improvements) VALUES ('5133a719-9e94-4e7c-9704-647b0521d75b', 'ab037cda-eaef-44e3-835d-65692d6baa53', 'https://images.unsplash.com/photo-1503341504253-dff4815485f1?auto=format&fit=crop&w=800&h=1200&q=80', 'OUTFIT', 79, 'Old Money', 'Aksesuarlar kombini bir üst seviyeye taşımış.', '["Uyumlu Renkler"]'::jsonb, '["Belki farklı bir kemer"]'::jsonb);
INSERT INTO public.community_posts (id, user_id, analysis_id, category, total_score, vote_count) VALUES ('d7597041-aa54-47bf-8187-0143dff295f8', 'ab037cda-eaef-44e3-835d-65692d6baa53', '5133a719-9e94-4e7c-9704-647b0521d75b', 'streetwear', 36, 6);

INSERT INTO auth.users (id, instance_id, aud, role, email, encrypted_password, email_confirmed_at, raw_user_meta_data, created_at, updated_at) VALUES ('974c3d88-287e-4eb3-956f-2e94c1afb10a', '00000000-0000-0000-0000-000000000000', 'authenticated', 'authenticated', 'testuser87@mirr.app', '$2a$10$abcdefghijklmnopqrstuv', now(), '{"full_name": "Burak Arslan"}', now(), now());
INSERT INTO public.profiles (id, full_name, username, avatar_url, style_dna, city, country, is_public) VALUES ('974c3d88-287e-4eb3-956f-2e94c1afb10a', 'Burak Arslan', 'burak_arslan', 'https://i.pravatar.cc/150?u=87', '{"vibe": "Minimalist"}'::jsonb, 'Izmir', 'Turkey', true);
INSERT INTO public.analyses (id, user_id, image_url, type, aura_score, vibe, reasoning, strengths, improvements) VALUES ('e6fe7980-670f-414e-8c0b-a0402aac4d11', '974c3d88-287e-4eb3-956f-2e94c1afb10a', 'https://images.unsplash.com/photo-1488161628813-0aa45bd72765?auto=format&fit=crop&w=800&h=1200&q=80', 'OUTFIT', 84, 'Minimalist', 'Katmanlı giyim harika olmuş, modern bir hava katıyor.', '["Uyumlu Renkler"]'::jsonb, '["Belki farklı bir kemer"]'::jsonb);
INSERT INTO public.community_posts (id, user_id, analysis_id, category, total_score, vote_count) VALUES ('f9698780-578c-4c36-b394-73a1ed56dca1', '974c3d88-287e-4eb3-956f-2e94c1afb10a', 'e6fe7980-670f-414e-8c0b-a0402aac4d11', 'formal', 120, 15);

INSERT INTO auth.users (id, instance_id, aud, role, email, encrypted_password, email_confirmed_at, raw_user_meta_data, created_at, updated_at) VALUES ('9655d87b-dd5a-4c2f-b9d8-dcb0094e1cba', '00000000-0000-0000-0000-000000000000', 'authenticated', 'authenticated', 'testuser88@mirr.app', '$2a$10$abcdefghijklmnopqrstuv', now(), '{"full_name": "Büşra Yıldız"}', now(), now());
INSERT INTO public.profiles (id, full_name, username, avatar_url, style_dna, city, country, is_public) VALUES ('9655d87b-dd5a-4c2f-b9d8-dcb0094e1cba', 'Büşra Yıldız', 'busra_yildiz', 'https://i.pravatar.cc/150?u=88', '{"vibe": "Minimalist"}'::jsonb, 'Antalya', 'Turkey', true);
INSERT INTO public.analyses (id, user_id, image_url, type, aura_score, vibe, reasoning, strengths, improvements) VALUES ('6ab8a0f9-da29-4da8-9f9c-afd1b06a1c9c', '9655d87b-dd5a-4c2f-b9d8-dcb0094e1cba', 'https://images.unsplash.com/photo-1512436991641-70c1bcaa1977?auto=format&fit=crop&w=800&h=1200&q=80', 'OUTFIT', 84, 'Minimalist', 'Aksesuarlar kombini bir üst seviyeye taşımış.', '["Uyumlu Renkler"]'::jsonb, '["Belki farklı bir kemer"]'::jsonb);
INSERT INTO public.community_posts (id, user_id, analysis_id, category, total_score, vote_count) VALUES ('94ab32ed-3c7f-4a81-8fcd-e0db63d29d76', '9655d87b-dd5a-4c2f-b9d8-dcb0094e1cba', '6ab8a0f9-da29-4da8-9f9c-afd1b06a1c9c', 'formal', 91, 13);

INSERT INTO auth.users (id, instance_id, aud, role, email, encrypted_password, email_confirmed_at, raw_user_meta_data, created_at, updated_at) VALUES ('7afefc52-7248-4d66-8686-a98a17fe11ee', '00000000-0000-0000-0000-000000000000', 'authenticated', 'authenticated', 'testuser89@mirr.app', '$2a$10$abcdefghijklmnopqrstuv', now(), '{"full_name": "Mert Şahin"}', now(), now());
INSERT INTO public.profiles (id, full_name, username, avatar_url, style_dna, city, country, is_public) VALUES ('7afefc52-7248-4d66-8686-a98a17fe11ee', 'Mert Şahin', 'mert_sahin', 'https://i.pravatar.cc/150?u=89', '{"vibe": "Old Money"}'::jsonb, 'Bursa', 'Turkey', true);
INSERT INTO public.analyses (id, user_id, image_url, type, aura_score, vibe, reasoning, strengths, improvements) VALUES ('682f6178-f4c2-482c-bd38-4d4ebf09f9eb', '7afefc52-7248-4d66-8686-a98a17fe11ee', 'https://images.unsplash.com/photo-1503342217505-b0a15ec3261c?auto=format&fit=crop&w=800&h=1200&q=80', 'OUTFIT', 91, 'Old Money', 'Katmanlı giyim harika olmuş, modern bir hava katıyor.', '["Uyumlu Renkler"]'::jsonb, '["Belki farklı bir kemer"]'::jsonb);
INSERT INTO public.community_posts (id, user_id, analysis_id, category, total_score, vote_count) VALUES ('4a4fbb31-942a-4618-9a3b-afb4845e9196', '7afefc52-7248-4d66-8686-a98a17fe11ee', '682f6178-f4c2-482c-bd38-4d4ebf09f9eb', 'date_night', 80, 10);

INSERT INTO auth.users (id, instance_id, aud, role, email, encrypted_password, email_confirmed_at, raw_user_meta_data, created_at, updated_at) VALUES ('cf30d82f-8830-4af3-9cfc-c216f55c2e85', '00000000-0000-0000-0000-000000000000', 'authenticated', 'authenticated', 'testuser90@mirr.app', '$2a$10$abcdefghijklmnopqrstuv', now(), '{"full_name": "Kerem Çelik"}', now(), now());
INSERT INTO public.profiles (id, full_name, username, avatar_url, style_dna, city, country, is_public) VALUES ('cf30d82f-8830-4af3-9cfc-c216f55c2e85', 'Kerem Çelik', 'kerem_celik2', 'https://i.pravatar.cc/150?u=90', '{"vibe": "Minimalist"}'::jsonb, 'Antalya', 'Turkey', true);
INSERT INTO public.analyses (id, user_id, image_url, type, aura_score, vibe, reasoning, strengths, improvements) VALUES ('8c434a72-c68b-4237-9dc6-867008e7518b', 'cf30d82f-8830-4af3-9cfc-c216f55c2e85', 'https://images.unsplash.com/photo-1488161628813-0aa45bd72765?auto=format&fit=crop&w=800&h=1200&q=80', 'OUTFIT', 80, 'Minimalist', 'Baştan aşağı özgüven yansıtıyor.', '["Uyumlu Renkler"]'::jsonb, '["Belki farklı bir kemer"]'::jsonb);
INSERT INTO public.community_posts (id, user_id, analysis_id, category, total_score, vote_count) VALUES ('acd957bc-5f5b-4ed7-9fa2-517bf573c460', 'cf30d82f-8830-4af3-9cfc-c216f55c2e85', '8c434a72-c68b-4237-9dc6-867008e7518b', 'streetwear', 18, 3);

INSERT INTO auth.users (id, instance_id, aud, role, email, encrypted_password, email_confirmed_at, raw_user_meta_data, created_at, updated_at) VALUES ('9f9dd95a-d9f3-43cc-b2e1-9bd551df9c0f', '00000000-0000-0000-0000-000000000000', 'authenticated', 'authenticated', 'testuser91@mirr.app', '$2a$10$abcdefghijklmnopqrstuv', now(), '{"full_name": "Kerem Çelik"}', now(), now());
INSERT INTO public.profiles (id, full_name, username, avatar_url, style_dna, city, country, is_public) VALUES ('9f9dd95a-d9f3-43cc-b2e1-9bd551df9c0f', 'Kerem Çelik', 'kerem_celik3', 'https://i.pravatar.cc/150?u=91', '{"vibe": "Avant-Garde"}'::jsonb, 'Izmir', 'Turkey', true);
INSERT INTO public.analyses (id, user_id, image_url, type, aura_score, vibe, reasoning, strengths, improvements) VALUES ('46ad3e23-2151-4fd8-8113-0f2cdf94002d', '9f9dd95a-d9f3-43cc-b2e1-9bd551df9c0f', 'https://images.unsplash.com/photo-1503341504253-dff4815485f1?auto=format&fit=crop&w=800&h=1200&q=80', 'OUTFIT', 84, 'Avant-Garde', 'Renklerin uyumu muazzam, tam bir klasik.', '["Uyumlu Renkler"]'::jsonb, '["Belki farklı bir kemer"]'::jsonb);
INSERT INTO public.community_posts (id, user_id, analysis_id, category, total_score, vote_count) VALUES ('d8f77590-dac5-4fad-9392-29897217ef2e', '9f9dd95a-d9f3-43cc-b2e1-9bd551df9c0f', '46ad3e23-2151-4fd8-8113-0f2cdf94002d', 'casual', 81, 9);

INSERT INTO auth.users (id, instance_id, aud, role, email, encrypted_password, email_confirmed_at, raw_user_meta_data, created_at, updated_at) VALUES ('74f2312c-b175-4ab6-9299-c66641dacffb', '00000000-0000-0000-0000-000000000000', 'authenticated', 'authenticated', 'testuser92@mirr.app', '$2a$10$abcdefghijklmnopqrstuv', now(), '{"full_name": "Ece Aydın"}', now(), now());
INSERT INTO public.profiles (id, full_name, username, avatar_url, style_dna, city, country, is_public) VALUES ('74f2312c-b175-4ab6-9299-c66641dacffb', 'Ece Aydın', 'ece_aydin', 'https://i.pravatar.cc/150?u=92', '{"vibe": "Streetwear"}'::jsonb, 'Istanbul', 'Turkey', true);
INSERT INTO public.analyses (id, user_id, image_url, type, aura_score, vibe, reasoning, strengths, improvements) VALUES ('474f12a6-f417-4746-a3ca-a168dce44737', '74f2312c-b175-4ab6-9299-c66641dacffb', 'https://images.unsplash.com/photo-1529139574466-a30ab73d321d?auto=format&fit=crop&w=800&h=1200&q=80', 'OUTFIT', 78, 'Streetwear', 'Rahatlık ve şıklık mükemmel dengelenmiş.', '["Uyumlu Renkler"]'::jsonb, '["Belki farklı bir kemer"]'::jsonb);
INSERT INTO public.community_posts (id, user_id, analysis_id, category, total_score, vote_count) VALUES ('94ba8984-0e58-4cc4-a10f-c4c2b8aee285', '74f2312c-b175-4ab6-9299-c66641dacffb', '474f12a6-f417-4746-a3ca-a168dce44737', 'casual', 24, 3);

INSERT INTO auth.users (id, instance_id, aud, role, email, encrypted_password, email_confirmed_at, raw_user_meta_data, created_at, updated_at) VALUES ('30be4082-6b3d-4a75-bc7d-60ba1ec81e97', '00000000-0000-0000-0000-000000000000', 'authenticated', 'authenticated', 'testuser93@mirr.app', '$2a$10$abcdefghijklmnopqrstuv', now(), '{"full_name": "Merve Özdemir"}', now(), now());
INSERT INTO public.profiles (id, full_name, username, avatar_url, style_dna, city, country, is_public) VALUES ('30be4082-6b3d-4a75-bc7d-60ba1ec81e97', 'Merve Özdemir', 'merve_ozdemir3', 'https://i.pravatar.cc/150?u=93', '{"vibe": "Oturaklı"}'::jsonb, 'Antalya', 'Turkey', true);
INSERT INTO public.analyses (id, user_id, image_url, type, aura_score, vibe, reasoning, strengths, improvements) VALUES ('640e0b92-bca9-4088-b48f-74e9b9ae501d', '30be4082-6b3d-4a75-bc7d-60ba1ec81e97', 'https://images.unsplash.com/photo-1529139574466-a30ab73d321d?auto=format&fit=crop&w=800&h=1200&q=80', 'OUTFIT', 82, 'Oturaklı', 'Renklerin uyumu muazzam, tam bir klasik.', '["Uyumlu Renkler"]'::jsonb, '["Belki farklı bir kemer"]'::jsonb);
INSERT INTO public.community_posts (id, user_id, analysis_id, category, total_score, vote_count) VALUES ('a80ed37a-78b2-4e90-9b9e-45cb7385c5b6', '30be4082-6b3d-4a75-bc7d-60ba1ec81e97', '640e0b92-bca9-4088-b48f-74e9b9ae501d', 'streetwear', 36, 6);

INSERT INTO auth.users (id, instance_id, aud, role, email, encrypted_password, email_confirmed_at, raw_user_meta_data, created_at, updated_at) VALUES ('64213f99-91d1-4592-ba53-54aafaccad7a', '00000000-0000-0000-0000-000000000000', 'authenticated', 'authenticated', 'testuser94@mirr.app', '$2a$10$abcdefghijklmnopqrstuv', now(), '{"full_name": "Ozan Özdemir"}', now(), now());
INSERT INTO public.profiles (id, full_name, username, avatar_url, style_dna, city, country, is_public) VALUES ('64213f99-91d1-4592-ba53-54aafaccad7a', 'Ozan Özdemir', 'ozan_ozdemir2', 'https://i.pravatar.cc/150?u=94', '{"vibe": "Avant-Garde"}'::jsonb, 'Ankara', 'Turkey', true);
INSERT INTO public.analyses (id, user_id, image_url, type, aura_score, vibe, reasoning, strengths, improvements) VALUES ('b6d9ed36-c076-497c-ab93-90d6db7901a1', '64213f99-91d1-4592-ba53-54aafaccad7a', 'https://images.unsplash.com/photo-1492562080023-ab3db95bfbce?auto=format&fit=crop&w=800&h=1200&q=80', 'OUTFIT', 98, 'Avant-Garde', 'Aksesuarlar kombini bir üst seviyeye taşımış.', '["Uyumlu Renkler"]'::jsonb, '["Belki farklı bir kemer"]'::jsonb);
INSERT INTO public.community_posts (id, user_id, analysis_id, category, total_score, vote_count) VALUES ('4d653f83-636c-408e-8d0f-1f51aad20f07', '64213f99-91d1-4592-ba53-54aafaccad7a', 'b6d9ed36-c076-497c-ab93-90d6db7901a1', 'formal', 7, 1);

INSERT INTO auth.users (id, instance_id, aud, role, email, encrypted_password, email_confirmed_at, raw_user_meta_data, created_at, updated_at) VALUES ('7833f210-049f-4f78-9d28-b5c7f8fb4151', '00000000-0000-0000-0000-000000000000', 'authenticated', 'authenticated', 'testuser95@mirr.app', '$2a$10$abcdefghijklmnopqrstuv', now(), '{"full_name": "Ozan Yılmaz"}', now(), now());
INSERT INTO public.profiles (id, full_name, username, avatar_url, style_dna, city, country, is_public) VALUES ('7833f210-049f-4f78-9d28-b5c7f8fb4151', 'Ozan Yılmaz', 'ozan_yilmaz', 'https://i.pravatar.cc/150?u=95', '{"vibe": "Y2K"}'::jsonb, 'Bursa', 'Turkey', true);
INSERT INTO public.analyses (id, user_id, image_url, type, aura_score, vibe, reasoning, strengths, improvements) VALUES ('73905143-115c-420c-9cd9-1641dfb129cb', '7833f210-049f-4f78-9d28-b5c7f8fb4151', 'https://images.unsplash.com/photo-1503342217505-b0a15ec3261c?auto=format&fit=crop&w=800&h=1200&q=80', 'OUTFIT', 88, 'Y2K', 'Aksesuarlar kombini bir üst seviyeye taşımış.', '["Uyumlu Renkler"]'::jsonb, '["Belki farklı bir kemer"]'::jsonb);
INSERT INTO public.community_posts (id, user_id, analysis_id, category, total_score, vote_count) VALUES ('198888db-f3f2-47a6-9fa2-8017fecae2a9', '7833f210-049f-4f78-9d28-b5c7f8fb4151', '73905143-115c-420c-9cd9-1641dfb129cb', 'date_night', 70, 10);

INSERT INTO auth.users (id, instance_id, aud, role, email, encrypted_password, email_confirmed_at, raw_user_meta_data, created_at, updated_at) VALUES ('57473f29-5371-4e35-ba94-52f304a0b36d', '00000000-0000-0000-0000-000000000000', 'authenticated', 'authenticated', 'testuser96@mirr.app', '$2a$10$abcdefghijklmnopqrstuv', now(), '{"full_name": "Zeynep Kaya"}', now(), now());
INSERT INTO public.profiles (id, full_name, username, avatar_url, style_dna, city, country, is_public) VALUES ('57473f29-5371-4e35-ba94-52f304a0b36d', 'Zeynep Kaya', 'zeynep_kaya', 'https://i.pravatar.cc/150?u=96', '{"vibe": "Minimalist"}'::jsonb, 'Antalya', 'Turkey', true);
INSERT INTO public.analyses (id, user_id, image_url, type, aura_score, vibe, reasoning, strengths, improvements) VALUES ('8a7a0756-8005-4156-8fa1-694e4ba59141', '57473f29-5371-4e35-ba94-52f304a0b36d', 'https://images.unsplash.com/photo-1512436991641-70c1bcaa1977?auto=format&fit=crop&w=800&h=1200&q=80', 'OUTFIT', 92, 'Minimalist', 'Baştan aşağı özgüven yansıtıyor.', '["Uyumlu Renkler"]'::jsonb, '["Belki farklı bir kemer"]'::jsonb);
INSERT INTO public.community_posts (id, user_id, analysis_id, category, total_score, vote_count) VALUES ('c91f5fe9-6491-4a36-9fbb-9c476098e7cd', '57473f29-5371-4e35-ba94-52f304a0b36d', '8a7a0756-8005-4156-8fa1-694e4ba59141', 'casual', 63, 9);

INSERT INTO auth.users (id, instance_id, aud, role, email, encrypted_password, email_confirmed_at, raw_user_meta_data, created_at, updated_at) VALUES ('29d1fa2d-e73c-4a01-9ee2-01525c2b5eb9', '00000000-0000-0000-0000-000000000000', 'authenticated', 'authenticated', 'testuser97@mirr.app', '$2a$10$abcdefghijklmnopqrstuv', now(), '{"full_name": "Burak Yıldız"}', now(), now());
INSERT INTO public.profiles (id, full_name, username, avatar_url, style_dna, city, country, is_public) VALUES ('29d1fa2d-e73c-4a01-9ee2-01525c2b5eb9', 'Burak Yıldız', 'burak_yildiz', 'https://i.pravatar.cc/150?u=97', '{"vibe": "Oturaklı"}'::jsonb, 'Ankara', 'Turkey', true);
INSERT INTO public.analyses (id, user_id, image_url, type, aura_score, vibe, reasoning, strengths, improvements) VALUES ('d4abe46a-ceb1-4bab-b93f-b099555c5440', '29d1fa2d-e73c-4a01-9ee2-01525c2b5eb9', 'https://images.unsplash.com/photo-1488161628813-0aa45bd72765?auto=format&fit=crop&w=800&h=1200&q=80', 'OUTFIT', 85, 'Oturaklı', 'Baştan aşağı özgüven yansıtıyor.', '["Uyumlu Renkler"]'::jsonb, '["Belki farklı bir kemer"]'::jsonb);
INSERT INTO public.community_posts (id, user_id, analysis_id, category, total_score, vote_count) VALUES ('d9f71afe-9f2d-425b-97e3-5cfaf1a58dfa', '29d1fa2d-e73c-4a01-9ee2-01525c2b5eb9', 'd4abe46a-ceb1-4bab-b93f-b099555c5440', 'formal', 24, 3);

INSERT INTO auth.users (id, instance_id, aud, role, email, encrypted_password, email_confirmed_at, raw_user_meta_data, created_at, updated_at) VALUES ('125e67dc-3ef8-415c-a007-cdc403734376', '00000000-0000-0000-0000-000000000000', 'authenticated', 'authenticated', 'testuser98@mirr.app', '$2a$10$abcdefghijklmnopqrstuv', now(), '{"full_name": "Cem Arslan"}', now(), now());
INSERT INTO public.profiles (id, full_name, username, avatar_url, style_dna, city, country, is_public) VALUES ('125e67dc-3ef8-415c-a007-cdc403734376', 'Cem Arslan', 'cem_arslan', 'https://i.pravatar.cc/150?u=98', '{"vibe": "Avant-Garde"}'::jsonb, 'Bursa', 'Turkey', true);
INSERT INTO public.analyses (id, user_id, image_url, type, aura_score, vibe, reasoning, strengths, improvements) VALUES ('c06fef54-645c-4fae-a879-4c7a417ac4cb', '125e67dc-3ef8-415c-a007-cdc403734376', 'https://images.unsplash.com/photo-1488161628813-0aa45bd72765?auto=format&fit=crop&w=800&h=1200&q=80', 'OUTFIT', 70, 'Avant-Garde', 'Katmanlı giyim harika olmuş, modern bir hava katıyor.', '["Uyumlu Renkler"]'::jsonb, '["Belki farklı bir kemer"]'::jsonb);
INSERT INTO public.community_posts (id, user_id, analysis_id, category, total_score, vote_count) VALUES ('70eadb81-b117-4195-b4cc-2fcade6c0286', '125e67dc-3ef8-415c-a007-cdc403734376', 'c06fef54-645c-4fae-a879-4c7a417ac4cb', 'casual', 91, 13);

INSERT INTO auth.users (id, instance_id, aud, role, email, encrypted_password, email_confirmed_at, raw_user_meta_data, created_at, updated_at) VALUES ('0ce72948-d37c-4e16-886b-3cdc7487fef4', '00000000-0000-0000-0000-000000000000', 'authenticated', 'authenticated', 'testuser99@mirr.app', '$2a$10$abcdefghijklmnopqrstuv', now(), '{"full_name": "Büşra Öztürk"}', now(), now());
INSERT INTO public.profiles (id, full_name, username, avatar_url, style_dna, city, country, is_public) VALUES ('0ce72948-d37c-4e16-886b-3cdc7487fef4', 'Büşra Öztürk', 'busra_ozturk', 'https://i.pravatar.cc/150?u=99', '{"vibe": "Classic"}'::jsonb, 'Izmir', 'Turkey', true);
INSERT INTO public.analyses (id, user_id, image_url, type, aura_score, vibe, reasoning, strengths, improvements) VALUES ('8794289e-7d40-4d92-8fc8-04ce0af1babe', '0ce72948-d37c-4e16-886b-3cdc7487fef4', 'https://images.unsplash.com/photo-1483985988355-763728e1935b?auto=format&fit=crop&w=800&h=1200&q=80', 'OUTFIT', 74, 'Classic', 'Rahatlık ve şıklık mükemmel dengelenmiş.', '["Uyumlu Renkler"]'::jsonb, '["Belki farklı bir kemer"]'::jsonb);
INSERT INTO public.community_posts (id, user_id, analysis_id, category, total_score, vote_count) VALUES ('985d5730-e0d3-4afa-8e21-bd973f436a5d', '0ce72948-d37c-4e16-886b-3cdc7487fef4', '8794289e-7d40-4d92-8fc8-04ce0af1babe', 'streetwear', 12, 2);

INSERT INTO auth.users (id, instance_id, aud, role, email, encrypted_password, email_confirmed_at, raw_user_meta_data, created_at, updated_at) VALUES ('314cfaaa-b2bd-48f0-915c-022a04dab608', '00000000-0000-0000-0000-000000000000', 'authenticated', 'authenticated', 'testuser100@mirr.app', '$2a$10$abcdefghijklmnopqrstuv', now(), '{"full_name": "Merve Şahin"}', now(), now());
INSERT INTO public.profiles (id, full_name, username, avatar_url, style_dna, city, country, is_public) VALUES ('314cfaaa-b2bd-48f0-915c-022a04dab608', 'Merve Şahin', 'merve_sahin2', 'https://i.pravatar.cc/150?u=100', '{"vibe": "Streetwear"}'::jsonb, 'Antalya', 'Turkey', true);
INSERT INTO public.analyses (id, user_id, image_url, type, aura_score, vibe, reasoning, strengths, improvements) VALUES ('04fcdc6f-468b-4211-a334-ab05601231f5', '314cfaaa-b2bd-48f0-915c-022a04dab608', 'https://images.unsplash.com/photo-1515886657613-9f3515b0c78f?auto=format&fit=crop&w=800&h=1200&q=80', 'OUTFIT', 99, 'Streetwear', 'Rahatlık ve şıklık mükemmel dengelenmiş.', '["Uyumlu Renkler"]'::jsonb, '["Belki farklı bir kemer"]'::jsonb);
INSERT INTO public.community_posts (id, user_id, analysis_id, category, total_score, vote_count) VALUES ('ec600336-7d81-490c-9281-1112fd334a23', '314cfaaa-b2bd-48f0-915c-022a04dab608', '04fcdc6f-468b-4211-a334-ab05601231f5', 'formal', 30, 5);

COMMIT;
